0,1
-24.133127,-30.822653
-46.06806,1.3915075
3.632005,-42.66876
-25.86879,-16.337872
-44.706017,-11.597572
-21.487822,-31.1967
-48.1246,-0.87857425
-43.787514,-19.022573
-1.6123219,43.542908
31.191725,-26.485874
-21.331089,-31.227339
36.68945,6.84371
30.227285,50.742714
-43.23516,-6.2372093
39.132416,-25.596136
45.79413,-6.8616085
21.473017,33.613598
-7.6328473,-10.716711
-39.101807,-2.286611
27.98023,44.215664
38.942314,-25.582767
13.097899,19.211184
37.3873,10.975635
-2.1034253,-37.772297
-19.668077,-33.971035
31.18152,11.402854
8.875614,32.035275
10.333952,27.892897
36.952217,-30.29268
25.364191,-26.355232
36.757206,-26.872694
21.241882,28.324978
29.315697,8.135915
11.625742,30.541508
2.476664,-42.36639
11.90754,12.096289
-42.361317,-11.167218
30.631481,2.9532385
19.967388,-8.368879
24.20775,-2.3733418
10.969284,41.651142
2.7211592,-43.027073
36.02671,-23.712969
39.212143,15.459651
29.846987,48.511005
-1.6111383,-38.145073
33.759937,-29.034195
18.303343,45.174767
7.164785,-37.63462
-7.7139683,-10.778393
-27.405586,13.745992
12.535521,29.06612
-11.729618,-3.007088
36.28048,-23.958195
38.018055,-30.411636
-1.4430463,23.280878
3.2049594,-42.32051
30.076921,11.861389
-45.622612,3.2853281
37.767426,11.150766
-1.6862774,43.610424
10.832608,26.178059
16.668188,33.04074
-43.50878,5.031929
10.288722,34.325424
-10.973454,16.579958
18.338709,45.18664
-37.57407,-36.588528
24.20175,3.803352
20.27695,41.309036
27.866444,19.831377
-0.6690891,-28.251602
-17.952795,-41.19225
-52.136738,4.2342997
31.89082,2.2836869
27.008427,19.4753
38.25085,9.670782
10.929529,30.385775
-4.1188016,-38.53181
30.953503,-34.919643
-2.8265765,-34.185093
20.089481,39.420624
29.304491,-28.523714
24.94615,-5.824124
32.859074,-29.040083
-43.839542,-17.387522
-26.290556,49.84318
-0.5854592,42.441776
45.72392,-6.7977033
14.434167,30.530401
9.314484,40.749184
26.09117,8.694899
-12.693397,7.359041
36.149277,-27.9113
30.989885,11.702314
39.66029,15.603386
-28.430548,14.66368
-26.218891,36.457253
22.558453,12.210756
-4.050362,-39.47422
12.888019,6.2569737
23.473524,36.45648
38.7938,10.775727
28.503626,13.543255
-4.243729,-38.93616
24.231308,41.76071
-24.255194,-31.805365
0.81524956,-17.637112
-29.710192,51.10996
36.769253,-24.259163
29.689241,-42.112217
17.004717,-3.5625682
39.780098,8.293562
36.156162,-12.881396
36.004482,12.844538
30.155554,11.5054655
11.154702,42.078323
-8.960659,6.2018294
11.431737,31.082537
-45.475986,4.4319205
21.538237,39.450924
10.985209,25.699657
-44.52808,-8.885325
27.441015,10.586698
11.386349,30.929968
-27.793455,13.534654
-45.546616,6.236391
9.786041,39.927383
4.116543,-12.01601
37.3558,10.377686
24.101452,4.6988554
25.455572,10.253556
19.376505,11.815181
34.22033,-28.397085
-21.157257,5.3408365
7.49308,43.00568
-28.264189,12.199894
19.658363,39.764168
-24.176191,-30.649956
29.728209,50.062767
-44.091022,-9.0718775
35.60298,-30.014088
-26.176823,28.445757
-11.572806,30.069048
-26.13393,-46.264076
-8.696162,22.83707
21.445164,41.926826
38.638718,-32.070168
12.79537,28.313274
9.440624,43.123188
8.826117,42.78091
32.57609,25.804714
-43.88243,-8.815352
47.095642,-16.898962
-27.231327,13.72554
-22.544046,-32.75034
9.513806,42.443222
32.742313,13.802483
17.65284,14.75559
38.072372,11.038965
26.130474,26.489443
29.525812,48.426804
8.077566,35.340107
20.674898,27.903608
26.074263,41.279106
20.739546,38.467926
9.421306,36.43591
-14.572008,52.110977
17.286827,20.86687
18.555464,12.058966
-30.512707,50.018734
30.373367,49.01931
8.719141,-43.15555
31.823126,14.519674
47.534477,-21.890963
-1.5808504,-51.56848
-18.811756,-7.465347
16.705996,26.899893
9.165202,37.47334
7.9256783,41.475384
20.33912,27.832333
-43.712467,5.1020565
-10.609275,32.761288
-22.282614,-25.051773
13.724617,27.428988
12.227343,11.817215
31.782114,10.983041
-26.83433,33.093872
-27.860903,50.76778
25.0121,-4.703316
-43.615017,-10.887626
-25.190111,10.503351
8.038805,35.065178
36.569767,-24.555439
-11.54916,14.136543
-23.096092,-32.84804
9.162556,35.41514
-23.334415,49.77522
30.326878,30.722025
9.854565,-4.424194
18.8721,-10.990244
19.289186,38.68205
11.391876,-1.0368041
38.09169,-31.26168
10.16079,35.64392
-25.200533,-31.958544
-52.546932,4.487341
-45.155083,0.66354454
-12.729226,-0.6897387
25.059423,-33.914616
-7.1367197,-40.2136
22.973394,44.46837
32.61582,8.211355
7.082775,-42.94164
-22.237547,-32.973362
-26.225012,8.443923
7.750002,34.118607
19.062326,20.4491
-31.00706,-33.327133
9.690751,32.558594
11.89013,26.188646
9.08557,34.514317
10.868071,25.95345
-0.16429524,44.475613
0.9548572,41.791264
26.117693,44.483185
-25.656834,-46.407303
-21.273708,3.9666812
-28.262661,48.893505
-12.9342575,7.7489314
-27.681635,50.015926
-4.2859035,21.643412
28.782957,-27.60453
9.241681,-12.594579
-4.2541537,21.595537
-27.86161,31.406157
31.032944,11.412495
31.89469,-36.026188
10.376412,32.721615
-18.797817,-14.118497
36.26032,12.826349
17.424685,43.448914
36.87867,9.778022
9.432158,41.22934
10.75075,40.93871
-27.136477,10.797703
-31.316664,48.990635
-23.943316,50.006573
18.700901,15.15204
21.575686,40.591278
26.869507,40.078297
26.191599,8.849186
0.5970938,-18.193754
-25.85712,35.989536
0.17680481,17.697535
-0.08613307,6.823693
8.8883705,35.040752
29.810787,48.733982
-1.7189213,43.205765
24.57438,-3.7325027
-15.05252,-37.289406
-17.846243,-35.099037
-29.81392,51.50053
-23.287733,-33.02696
-23.89796,48.50563
10.313513,-3.4329057
-18.098148,6.5944943
29.425777,-41.32369
25.671309,43.68343
12.74232,34.13986
-17.790844,-7.525029
-23.534946,6.4652276
30.790295,48.87132
-15.437239,-0.91138273
-19.361319,-34.00558
-25.143013,-32.672462
36.776012,20.244083
34.225597,-26.352467
-13.05442,12.6961155
5.30318,6.4989414
18.685656,47.54659
19.716747,38.40201
38.82812,11.82303
19.245125,39.809055
10.668577,32.006588
-30.542187,27.015526
9.100897,-40.054863
-43.620888,6.7538466
36.68224,-23.733126
-25.36441,48.492798
5.4239144,-44.129395
-25.84343,-37.035748
-1.4813728,42.832912
24.535599,43.02924
15.327107,45.847248
5.865989,3.754473
33.22771,-34.064217
-12.4481535,8.941113
30.61904,-13.442899
-32.148937,24.596073
1.1648496,40.256596
-2.5279803,-33.710876
10.04839,29.581251
20.129818,3.8767135
8.212683,34.47471
-17.186005,-2.134845
23.299986,12.162827
15.970768,33.163216
-0.6789719,-8.606621
-23.81418,48.177704
-45.22121,-9.569204
-24.707819,50.085762
-12.757086,-29.839764
-22.10872,49.15699
22.715355,42.367653
-0.51467234,42.794796
19.618498,38.438446
8.149782,6.2018485
20.681078,38.36915
-18.11868,-41.507507
28.031834,20.052145
18.307594,-3.8062515
11.882261,53.160076
-18.634054,-7.6093864
-24.865475,48.13737
19.79131,2.3504882
36.450302,-7.5072026
-45.510017,6.556019
30.0123,38.366062
-17.301985,1.6530044
19.021809,-11.166581
24.071568,25.4397
10.340949,41.28454
-25.66853,9.486153
24.893625,25.3471
24.368008,42.408985
-19.144258,-21.813795
30.308815,50.45291
19.08688,-11.112576
16.522007,46.22228
36.478863,-24.584826
34.542564,-24.059872
5.391227,-41.53363
10.962641,35.397224
-11.77973,5.4049673
27.850672,13.299869
-17.16371,3.7137787
41.026093,8.484782
25.513628,-26.431313
22.739887,13.631165
1.8973541,38.14207
-27.311396,0.36171758
-32.067772,25.556995
0.8296863,42.102318
22.594053,43.78711
36.392906,12.373212
32.238438,13.837029
7.4176526,-22.060062
9.437355,42.63651
6.009969,36.273865
4.8213024,-10.865214
-26.345161,37.53315
-6.2321725,21.46116
35.983376,-12.541427
25.104061,-4.971047
25.513401,13.105804
11.481419,53.27474
7.8307242,-42.035946
30.138195,10.488127
-9.866073,-44.411274
28.336254,17.615072
37.584023,12.894522
-2.3971362,-32.132694
24.916542,23.717615
-45.22871,-8.368881
9.433864,35.525787
-3.0547276,-1.9343635
8.895526,6.034093
30.734364,-37.92064
15.725029,40.25777
-45.862488,-0.0541191
-6.2756743,23.11244
-33.367958,29.347843
-9.413377,46.089226
-22.24505,9.086899
32.64405,-24.435513
4.782042,38.79358
-3.0658448,11.335799
34.49368,36.54256
-12.38999,1.1062888
24.948002,-5.311047
1.2545485,40.044888
-10.653515,7.3762536
-18.776442,3.498843
-26.146135,42.30458
-29.049135,22.307903
25.026205,45.055405
10.283652,44.440884
-23.140757,49.11744
7.023411,32.463005
22.42008,12.131208
-22.12698,-25.886463
-20.461655,49.6867
36.83193,20.064102
-18.950333,49.675476
-24.273285,9.466353
-24.075993,-30.24771
28.896536,13.915465
-13.766159,0.018957397
-43.45611,0.014264339
-9.973111,-45.5201
-24.137415,46.95154
-25.38125,9.471296
26.101147,45.54212
-28.334745,-33.91658
8.202244,39.356583
25.756495,34.763756
-2.442101,-32.10312
36.867313,8.362463
33.599655,-28.423826
-7.7637753,11.007046
32.758595,8.396142
-23.340858,48.643635
7.8607845,35.749767
-9.225935,4.835233
-19.98613,3.9836779
-16.383196,15.220637
6.328459,3.2566504
-19.855831,15.758838
15.24856,46.903564
52.829422,-20.791151
24.503311,3.7472951
30.375868,-15.011313
-29.839617,51.40366
30.675444,3.1417897
48.328205,-20.945133
33.209595,48.10969
-40.947594,19.976715
-18.583944,50.23343
14.26667,18.252974
26.259232,45.129074
25.356829,40.563858
12.742554,32.308548
37.761585,11.602785
-22.496162,-27.952482
-42.82799,-9.323557
39.701675,16.322428
-23.683336,5.3814063
-11.738147,6.590707
29.708124,-35.970413
-9.713102,-13.49505
10.665045,34.995255
-26.499006,-32.07805
-37.48347,-31.065746
-24.915125,50.185444
21.738028,3.4604619
-11.072413,52.95553
-5.3046594,-5.3925366
22.252113,47.0917
12.664798,4.2831793
7.597743,43.235374
4.191599,-10.795708
-15.614911,6.491331
5.377304,6.4830213
-34.326366,-37.855694
9.812092,35.09116
-18.761932,6.6929574
-43.943653,-18.712296
51.935947,-19.386051
27.230307,33.242752
-26.075123,27.983587
51.484463,-19.20238
10.276845,36.158688
34.21291,18.571026
-21.874298,-35.657337
-2.2030609,-1.3214611
30.710949,51.666096
29.599302,13.7753105
-13.190213,-8.852065
19.19725,5.942806
16.979923,20.288723
-19.12825,10.156674
37.717995,-26.157051
13.219541,32.201363
-25.096064,48.296604
22.80024,43.435066
24.669891,24.530146
-20.724396,8.474467
1.4736577,-7.7855997
29.358086,48.44677
36.94845,11.568967
28.500895,49.42676
2.036118,38.203827
-31.385738,-29.160719
29.751402,21.884653
-18.04513,15.621498
-25.567297,12.772443
-16.454214,15.172733
13.152798,47.862892
12.376019,31.035868
32.55543,-33.143127
-0.5370528,-28.73428
36.91758,-23.538265
-27.619247,44.73763
-28.452917,31.006298
8.627202,37.63714
-32.54879,-38.239628
-47.78263,2.161441
22.816025,12.427571
-27.821697,31.822336
6.4344754,-41.050083
25.225874,44.543148
17.934744,25.789452
34.708416,-23.633327
7.550286,41.344814
20.064085,37.371994
55.292286,-25.32422
31.1199,-38.938324
-12.956426,-0.6339581
-15.101916,8.396753
36.519623,6.114497
-6.780728,-4.2908096
-2.2779944,-7.0936728
30.002716,20.093145
-25.414562,-26.296618
-15.510207,16.39681
6.9652243,41.139133
-25.890596,-27.922842
32.204395,48.116398
39.31159,15.532995
-3.683196,5.273248
7.562187,-38.21015
-5.5510597,-38.384758
-13.356627,11.712664
-10.494381,7.1568427
31.645563,13.633022
-43.74409,-7.6833744
26.435898,43.48306
-26.793682,9.253804
15.8150015,48.32724
-5.5380235,7.843302
9.645914,5.947607
22.578861,44.73939
9.950213,10.960015
-4.437456,20.020401
-26.139317,41.944748
-1.8162241,-39.186584
-13.234569,2.0416586
5.334368,-1.460598
30.95372,13.728868
38.071022,-30.672045
13.870566,30.359169
-25.76931,-0.7368866
22.05281,13.79805
25.744284,-26.362228
26.469995,46.221203
-18.305422,-34.476227
-22.940022,-1.6336831
26.903517,45.64548
31.491873,13.580586
-10.957075,-27.9282
23.952251,-25.53451
-26.96638,-32.81336
30.963238,-35.586002
26.611774,35.74278
24.618408,37.84382
31.009605,31.648756
9.120001,10.016676
-14.9541855,-0.42177355
33.673214,-25.662529
1.104605,-31.589329
-48.024014,1.2684457
30.406507,9.602366
16.951221,26.172434
-25.73496,9.217755
33.29371,-21.85565
6.4628963,37.207153
10.762561,34.199635
10.975665,33.893677
18.853113,11.484254
-19.393806,49.575848
25.91901,41.645714
8.34591,6.417014
-3.0415378,-36.221672
5.776599,-43.596947
52.308937,-22.826628
-5.645112,-12.473792
-2.0779774,-31.47424
7.5889964,40.96239
-25.184902,48.847675
-26.840527,-32.900078
-5.0541873,24.258116
26.12373,46.119198
11.163578,32.63649
19.954256,-7.9422803
1.6762432,-12.679333
7.6467977,35.347538
-8.867133,4.7277565
7.069721,-41.120533
30.582825,2.9913113
-2.3224273,-32.86057
-4.0918403,-33.49302
8.944269,36.337334
24.024471,16.386108
21.561481,28.809381
11.625074,41.43533
5.552501,-39.287415
33.347664,18.379929
35.481365,-24.896667
3.6579,5.6313896
19.327866,-11.407988
26.333475,45.342766
19.512474,11.857667
15.1991205,14.971937
23.677063,38.964787
-32.34949,48.339867
37.000126,10.389496
12.223711,18.5682
28.348974,-32.602093
15.040085,18.49668
11.634387,-30.380959
-7.802878,-40.555466
-43.122757,-6.7499776
5.872102,37.04824
3.1541512,-11.61084
-2.8777547,-7.0141287
-22.828384,48.03811
6.7413583,42.37403
8.867423,40.644726
8.649309,42.039906
25.957684,-19.927807
-5.6718802,-36.292953
33.41969,17.320105
3.9410734,-2.018516
-14.3734665,52.074234
8.702347,41.511024
30.084988,-36.671375
-19.011953,-43.173573
-1.5150524,43.302048
-5.463643,-35.576202
35.575256,-30.099287
30.79708,9.116235
18.461653,-3.8611352
-22.927662,49.168133
-1.9034116,55.401085
-4.412602,20.716293
25.145157,44.7665
-6.951572,20.417498
-43.661255,-9.578778
-5.6945906,-8.880576
-45.284397,0.840788
13.500033,40.10339
51.51209,-19.227728
19.07724,15.678955
-26.020891,8.927917
-13.070628,7.638156
51.688107,-19.438826
22.029188,43.331253
25.02994,10.380628
-3.4694757,-23.662163
6.886559,-41.123043
12.075652,19.918125
7.8029437,37.031376
-23.04101,48.715496
-1.8094829,55.228493
-3.4941692,43.489517
14.524855,41.47805
34.730736,-27.77927
-15.848531,-38.82859
35.522644,13.110615
-30.794903,52.326977
28.656813,20.76849
25.17992,43.17119
-12.262732,-6.445669
31.44133,-38.17202
47.217384,-22.984623
-26.91216,31.676157
-18.38831,5.063585
2.9063501,-10.417295
-22.773224,-28.401802
39.83841,8.763499
30.838667,-38.632
-27.641273,49.30008
28.670362,13.700808
-31.851341,28.47556
27.414501,-8.192299
-41.04927,-7.6045413
8.786736,39.99246
-44.645718,-8.9552765
-18.996506,-43.142395
-28.46776,14.71121
-13.083803,7.5978136
9.564836,25.151997
32.32696,13.013922
-6.7879343,-39.83682
33.28813,49.43795
-3.4946122,-23.570475
37.468773,11.787567
38.306675,18.728409
-8.020614,-26.247936
-21.915213,-2.631592
30.820957,10.837154
-44.27415,3.6852293
24.966908,44.467056
38.012943,-23.768917
21.22488,38.217827
34.3311,-40.332127
7.274283,40.595745
-13.821386,8.294163
17.840305,14.6612625
12.624979,41.51622
45.98896,-6.510615
-26.218369,28.390152
-19.929089,15.593457
34.299625,-34.215664
25.074251,40.272526
-22.974476,46.871353
-2.401311,11.231229
-7.35631,-12.960505
20.301617,-8.706951
32.727646,8.508372
16.61204,20.647615
33.15718,-27.087255
-18.038939,-41.792545
-9.6652355,33.147125
-28.509474,-38.25752
-24.341936,-34.08893
-30.064877,45.530376
31.029972,10.531324
8.954049,52.2843
51.370388,-19.516573
-23.000349,-31.013315
-23.911798,7.126528
-24.172495,-8.234021
8.296954,31.499397
7.4724107,46.88924
-21.087826,10.766116
-22.156853,-8.663253
25.879059,45.30127
-43.898846,-19.20318
15.050808,49.089973
21.535576,37.417667
18.771305,14.808222
-17.46222,4.2185545
-27.832098,8.158225
-26.555595,37.73304
20.180798,-7.73278
-45.60472,-5.881079
-26.286762,36.119804
26.446863,18.001972
-8.689948,6.4686675
-28.807344,50.858707
19.490595,2.8131127
-24.014566,-33.64574
10.187838,-4.0988655
-26.751507,48.40373
48.39335,-21.371307
11.271402,-2.1761281
-15.297068,-37.931896
12.174777,-41.10486
28.026968,33.203785
29.132843,-24.837158
-17.216648,15.813186
-37.652016,-36.617054
11.187385,-2.1074073
-3.6730616,-7.728221
48.442722,-20.247448
7.847522,40.34448
33.397408,48.063
-28.020042,-34.093784
-28.653448,21.816805
45.641983,-6.9048543
19.584463,14.074457
-4.7997665,11.493133
23.891542,3.7091854
0.3894945,7.3154583
28.780983,-41.590977
-48.574368,-2.5263302
25.79814,19.427921
-30.798338,52.029182
40.685432,-17.818304
-32.333263,-29.796774
14.717579,-36.219402
33.13478,13.701969
-29.76027,33.654167
-23.472076,-9.71656
-29.945923,45.887104
11.293917,9.79759
12.86643,6.3905697
-7.0436645,22.82688
-48.102055,-1.7648098
-31.33932,-46.54208
27.843565,-8.401677
-10.380829,31.162106
-10.012341,7.044611
37.827717,-23.526567
-29.927977,45.849556
8.069282,37.926483
-8.720917,3.9516327
-31.493616,25.93496
-9.574444,30.979874
-20.344334,-4.302398
-31.946653,28.711483
6.770674,29.626888
-4.8606687,-1.030737
-8.115468,-13.606956
21.08562,-12.382722
-13.700254,14.9577055
4.126286,-8.41174
20.317883,38.26422
-25.67692,-45.087368
10.305729,37.21687
-0.19749342,-7.4805374
19.10652,17.055103
-26.399147,8.084058
-9.989552,31.586111
-18.712074,5.92235
22.680592,40.31024
27.561737,30.639624
27.644209,-22.539522
34.34538,-31.32255
-16.083836,4.366214
-31.727247,48.48632
-0.23609975,-3.09284
10.734944,10.676208
-43.700264,-8.567627
10.464079,-3.2801774
3.2909806,12.870804
16.329966,20.426588
-18.293526,-19.208307
-11.70007,-11.589993
-34.036648,30.239704
36.6327,17.89541
-3.083869,-13.944008
-23.880342,-24.662115
26.62034,-19.42067
24.108,16.51111
-0.76322496,-37.726013
37.569134,-28.44225
10.152038,37.156742
-27.630445,0.78848284
3.7342556,-5.104594
-23.260963,-9.868492
-17.065111,1.0125009
18.320208,34.98649
11.223963,8.988404
37.074883,-30.044996
37.134098,19.546375
-22.599094,-6.242223
-9.308033,-36.151287
10.424195,45.14356
52.528202,-19.593655
-25.093788,8.629844
-19.404247,-0.14377937
-21.284426,-41.326096
-29.322634,47.241665
-25.406595,-1.0560174
-24.87472,11.528014
16.760204,28.143913
25.84366,40.339527
21.517675,-19.926758
10.374615,32.045055
19.54446,37.134045
-5.140608,-1.3835558
-8.071382,-29.459248
-20.192371,-40.48476
-23.392733,36.43557
-1.1772207,53.829052
-29.101984,-36.89427
-26.009563,-32.722378
-9.9058,-9.933636
-34.25218,0.83112997
-1.5236491,16.862251
-21.517086,-31.068474
-1.1617078,-30.738972
-24.235456,-49.023026
30.142435,2.3620355
-26.739012,-15.719875
3.2197998,-30.112844
24.046862,-5.517447
2.4979618,-35.166634
-18.75949,5.993386
18.328333,48.259167
24.580875,24.441208
-3.378227,11.05077
16.48063,9.944654
20.262812,5.7896338
-28.37286,48.996414
-25.710848,-27.855045
-10.62438,-4.880061
5.928776,40.530445
-17.040249,-45.41332
2.1889567,-43.643684
12.733581,-39.742393
-9.037003,6.6748033
-6.7274203,-38.423084
-32.04174,24.98533
-21.374897,10.23085
33.809982,42.21928
-31.049564,27.437199
4.027694,-10.552922
14.390974,10.327439
-22.34544,-2.8762472
-15.821677,-38.81195
-14.109595,8.757883
-19.693823,3.0175447
29.001122,21.02275
0.30835223,9.6557665
31.135729,10.248988
11.164477,53.339546
16.989466,51.114594
24.863255,-6.965452
15.773471,1.6462321
9.163849,43.626003
20.315325,5.9541306
-1.2779423,27.21004
33.720413,-27.91387
-29.580614,25.452866
11.8316965,-4.771825
46.34742,-25.094828
36.438927,-29.55802
2.2802134,-29.63161
-19.147877,4.66285
23.213205,37.665634
15.895536,18.335386
-9.691684,-13.60142
-6.06945,20.407661
13.760163,28.982706
-5.560394,-12.787728
-11.934051,4.3674903
24.035795,-5.472719
-8.7975855,-3.9277918
3.8188214,-10.520835
-10.216274,9.583757
40.55234,16.02057
-19.118525,10.139557
40.861782,-18.155504
-29.342972,10.679265
-26.508066,-34.74151
-2.6280353,8.623229
-26.034359,13.14838
-29.09904,-36.591145
51.838684,-19.3511
7.3361225,-37.988243
-24.301157,-35.520683
20.554193,40.00821
14.120613,-41.27208
10.857169,41.14183
-31.520792,-28.817709
32.63643,13.760866
11.686891,11.351909
-32.19892,25.638885
-32.119705,25.455162
-3.0856268,-31.511526
50.962234,-18.669617
47.333218,-17.333199
-24.21364,47.10184
26.746233,-19.603182
52.222603,-21.980742
1.2074081,-15.365047
-47.401417,3.3301673
-2.9624307,-2.2886395
-46.698654,1.2455645
-25.547358,33.115593
16.779991,-3.5338376
-10.478048,30.612465
-5.3257117,-1.21721
14.266794,48.411777
34.838013,-25.965174
24.223177,24.627937
31.888765,-38.97808
13.144325,-42.683956
-13.136131,12.564189
-25.806425,45.809563
-0.62144613,33.407566
-29.625372,50.338234
18.370977,14.706244
-16.431917,14.9221945
26.772768,43.6489
-27.783289,-11.565315
-1.792708,42.23722
-3.3117704,23.51441
-13.563193,4.1733813
-30.089035,11.441951
11.364905,18.52696
-0.0039648027,-7.1178246
-32.560406,24.876337
-7.736212,25.739576
4.95136,-1.6931721
-15.649705,-7.48597
13.449733,18.675417
-48.016712,-0.29878557
-45.840652,6.1707144
-3.0904274,-23.915363
34.87437,-27.326817
23.447622,37.228027
35.73097,-24.674835
31.504871,13.075602
6.105254,-41.907158
1.090432,-8.574778
-3.3094537,13.11119
34.141285,-25.358881
-27.060783,33.92613
21.353273,-10.3460455
28.464779,19.975803
-31.764887,-28.311203
25.493807,34.77025
-10.434313,30.548998
-18.14717,15.691201
-34.97392,26.497364
-45.738453,-7.769725
21.327446,32.117184
16.344912,33.717636
-26.674454,-31.704044
-31.70237,49.344875
-27.55768,0.5203148
-15.43969,3.85639
24.383116,27.976332
9.532073,-4.14302
-20.714375,16.573786
-30.407143,3.6770706
-35.81898,0.017990015
-22.431568,-42.806217
28.855967,48.340767
10.84254,36.920155
-32.619045,23.475124
-11.050048,31.682236
22.928158,45.43453
27.25312,-41.230522
35.159924,18.526041
31.681448,-34.492775
-5.7178354,-3.4087894
14.528872,5.6298447
-29.646555,-32.099476
-6.907422,-14.691836
36.47238,5.927345
15.373781,41.377224
28.603338,21.077698
-12.760624,-4.6385307
-0.21382399,-9.152442
17.58244,11.50739
29.487265,-42.10146
12.052619,-41.13002
37.29336,-23.445307
-16.234575,-33.219723
38.30085,15.642167
15.278931,-36.11312
-29.289492,47.447746
8.691296,-42.351265
22.945267,38.402462
-1.3440176,23.313147
-4.921961,-40.77805
33.86699,-29.380053
39.371857,17.54584
-6.7936487,-32.127506
2.6999342,-45.467316
-35.557133,6.2992573
-21.507929,-35.383144
19.898897,12.615968
37.51257,-21.738274
34.293213,-23.900164
-30.942984,51.37346
51.206505,-19.136309
21.841326,-19.57524
28.487333,14.405058
-17.117296,18.092245
51.583607,-15.672751
-3.9189703,-17.86013
-33.751534,-37.397762
4.5133295,39.68708
-27.28418,0.4998691
35.180954,-32.09396
-7.7620316,23.479712
39.581074,17.165277
-45.714603,-8.029092
35.5934,18.507418
27.63885,-22.54083
30.83978,31.302097
-18.844007,-0.41368175
50.751644,-19.52358
-24.61618,34.67742
-26.309843,36.87079
27.763813,-32.343987
-14.425643,-2.0399778
30.080048,-34.440636
3.6985936,-5.0815783
30.695206,-36.45399
3.2183917,21.841864
3.3049808,19.473394
15.102136,51.9327
3.4862134,-10.005827
-18.89142,3.5171967
-9.318321,-12.850904
-35.07349,21.614506
-2.8241675,21.342747
12.575523,29.20981
25.043774,-6.212554
-22.645863,1.3300749
-8.531576,-3.7539387
21.964264,8.043833
8.808322,-43.27581
31.250177,-37.104378
-26.385994,34.157196
-43.616837,-13.170762
3.20726,-41.479942
23.876831,-19.98496
0.19853248,-30.585054
-47.52332,2.360544
-9.481337,33.56604
-34.62297,16.50122
-19.03759,-41.33968
25.583961,7.841356
-4.1413164,-1.9126602
-46.632896,2.461088
-14.506187,16.360573
52.300236,-12.565402
39.20526,-26.995682
-19.965153,-4.747133
12.130007,48.257404
22.656425,42.368645
-21.75644,20.38741
-19.126463,-21.827965
0.72881925,-18.776144
-17.344086,1.2776961
12.762281,31.322021
-13.977501,7.4493713
28.32349,17.5432
-1.1226393,-27.227406
13.016038,19.530777
-6.544076,23.359726
-11.2326765,-7.9432154
-22.127222,4.3199944
-2.2233286,-25.423664
16.574776,-11.258918
-29.807583,34.49831
26.017046,8.632055
-31.542645,-16.37253
30.111925,9.877245
12.156867,-3.8884926
-25.412872,10.435324
-48.56355,0.079772465
-34.719593,16.427507
24.852066,25.081392
27.209036,-41.277866
-2.6059663,-2.2422817
36.233765,-30.710625
-17.911196,-6.7512755
-6.884363,10.81099
-5.000818,-4.7702355
14.259577,11.06162
-1.2343442,27.240534
51.25597,-20.49391
24.478336,24.540077
-25.705585,-33.992207
-27.39556,34.613316
-0.668715,-11.508347
-1.0680633,51.908764
6.660087,-30.4889
-27.80798,53.510757
-24.427292,-36.228947
54.5452,-19.840357
-0.5441169,43.72782
31.832617,-33.992413
-26.31833,-37.113213
5.640555,-53.468414
-1.6150349,55.561314
-19.179445,-14.083265
17.780264,-10.048028
8.676324,49.917023
50.702488,-19.895779
14.338458,-22.632183
-22.701338,1.4110892
41.288635,8.539914
10.924509,28.314747
1.3627716,53.14866
22.22284,25.2353
-31.291685,51.048798
28.605286,20.768593
-7.9622397,10.899516
40.870884,-33.83021
28.204834,-39.035736
29.54379,-38.225937
40.0881,8.288674
-17.236591,-18.915905
-23.55314,-17.627136
0.74780494,6.7538624
38.18669,-21.395452
-28.1157,2.9783218
-9.837734,31.793585
12.319486,-7.3493104
-1.9122223,42.15557
-44.980892,0.7754601
-42.62048,5.1238375
-24.039124,-18.163689
-9.106531,-11.6105795
-10.642817,7.6065564
-10.370917,-43.225243
33.84029,18.222216
-26.762049,-33.54524
-9.471468,-11.838414
11.62031,-4.596751
-44.06373,-4.2230787
14.198194,-22.506796
-13.02226,6.457648
-16.544563,0.52291614
-14.430491,8.920956
-12.018482,3.4842777
-7.028391,10.76742
-31.28232,24.378523
53.25301,-22.010597
-7.582048,-30.938784
11.780106,16.58162
-23.361984,-34.032387
21.999775,48.553482
-18.205463,-13.224919
6.1803765,3.2576425
32.623276,8.6078615
-3.8943017,43.792427
-11.937613,-7.2997622
-28.935156,-39.67834
-2.786288,-14.273548
-17.49901,15.4567795
0.36083543,-26.747355
47.057735,-20.154478
-27.67395,44.569923
-7.74164,-6.09831
26.946228,43.805717
21.294092,27.830732
36.59163,14.469769
-34.925083,-16.279268
-2.9157524,38.60936
7.2734942,-40.362823
-35.553104,6.288158
-18.976574,21.536898
22.343592,-19.079632
-1.6336367,16.915
-26.64848,-46.34471
-26.441143,-38.322285
-27.875816,-36.232464
29.634893,-24.723091
-52.460262,-2.0681863
-2.0891962,2.931053
-3.34234,-23.579222
-9.830393,-44.371307
-18.59049,-11.686649
39.578842,-34.52942
-21.42155,-23.585049
-43.63822,-7.596789
-18.433924,2.4029143
-24.863354,8.127209
18.781519,15.406026
13.565993,38.757206
30.548006,12.699469
-6.817815,-10.72734
10.285505,0.21755353
51.995365,-21.46813
33.905132,42.18043
4.5881243,9.031761
-8.972261,-31.445269
-17.179688,20.477005
-30.397596,3.672345
38.531036,-30.344353
-29.035337,-37.65303
36.955494,-27.041632
-28.291315,12.340459
-27.148573,5.23341
1.8479184,9.965087
17.26947,-9.606923
-31.002867,-10.780688
32.25374,-38.45045
-27.313385,-20.721481
11.391273,46.944008
-1.5117824,42.819767
-25.278805,50.03799
16.73353,-4.1203647
-7.6948256,-9.281274
50.802727,-20.52199
36.878956,-7.3289485
40.5133,-0.1727225
6.811029,27.093897
8.224069,-44.58933
36.73698,21.89787
-3.8571775,-6.920519
0.88238543,-15.300401
6.970895,13.230487
17.375504,3.690738
10.141763,29.442652
0.1351982,28.63268
16.72008,27.137304
-12.571671,-8.139541
-39.046967,-2.2293715
-21.661293,-33.306705
18.234146,-9.439129
30.142374,-32.323353
-47.54017,3.0467453
32.414364,-29.462082
2.3951223,-11.498938
52.18266,-21.128124
49.323975,-22.535782
3.3941405,-35.091446
-5.5268617,14.416187
0.06527219,17.685379
-11.736882,-7.287285
21.639305,-44.17734
-8.528272,31.039606
21.591124,48.822346
10.276877,-8.813415
7.848156,-3.3504703
-42.36377,12.66134
35.33933,-28.54442
10.361352,-41.225906
-17.57174,19.9858
-6.1814866,1.0131137
-1.6858252,55.60469
7.125198,-42.772945
-14.813396,-44.35868
-15.544741,16.253456
23.662907,47.911312
7.6249146,39.012764
-11.708394,-9.069537
1.8078613,-15.268122
47.024143,-16.192448
-27.574202,-36.19753
1.0338567,-25.687922
-22.958231,50.03475
-14.077228,8.319793
-19.634672,14.609573
8.372105,0.9329879
-8.984339,-8.670154
29.604343,-32.41572
-13.138546,33.637024
5.1998487,-38.98043
-48.166817,-1.0762725
35.284744,-29.984701
-44.51502,3.8786223
28.562147,18.350067
9.057414,17.53577
-23.13125,32.22077
12.275805,-43.67027
-25.95296,0.65217566
22.981974,24.579313
-42.826557,-9.342563
-26.712553,34.753387
16.795671,40.88337
5.221783,40.11324
22.625053,40.12958
-52.640663,4.506771
53.733482,-19.847588
8.552415,31.675005
17.385235,30.969439
-11.834124,-7.3253546
55.1068,-22.987246
21.780333,-6.3293734
10.02649,-5.547367
-1.1849729,53.293114
-10.532953,30.490627
-0.34658,-37.487
-23.883223,4.6672897
-5.823295,-15.2783375
-14.017522,-34.408928
-4.890229,-10.408902
15.586523,6.278862
-27.048368,-37.677765
-17.241388,-1.6210274
17.791075,15.644189
-16.98923,2.158186
-18.922506,-7.5363584
20.977585,34.02664
17.582056,-25.971504
-8.615552,-4.7707634
-8.625797,-24.830307
-35.78321,-14.0082855
20.782106,6.9751267
24.14336,44.89445
9.545012,-4.9761105
9.467572,-3.7106187
-19.750568,-40.501465
-30.668415,49.175823
-4.469347,-6.3168817
-17.128822,20.495453
-9.774099,33.95097
2.716178,-32.95279
17.173542,20.230982
-16.550673,6.744457
-12.859092,1.2952293
-2.9579675,0.11381811
35.476765,-22.858097
15.926333,41.428127
-26.703651,-6.0925484
55.28705,-15.852567
14.761098,11.363176
-5.607203,-12.9081955
-33.9155,0.8275538
-22.534227,-44.527218
-20.383228,-41.205
-47.654896,-6.762156
9.381601,-3.6629426
37.480232,-8.28765
-2.271677,-32.928936
36.178795,-13.700131
20.629337,44.859604
7.9496436,-43.216225
-0.73695964,10.004633
-14.60279,7.566835
31.362486,-23.892076
39.709526,16.270908
-26.497929,54.954468
17.334389,17.93666
-7.8574843,-32.344696
-24.810888,48.90353
49.558697,-26.76722
-25.820246,-28.565092
13.121322,26.06734
39.87187,7.6359615
20.336159,-7.6986017
29.53242,11.986244
36.117268,20.704199
40.0656,-25.177277
-50.310764,-2.7483697
-23.088741,50.933075
-16.373188,-0.2751621
-28.214739,36.280632
-24.202187,-48.902966
0.6622247,-26.71849
-2.2693443,2.3624306
-16.859901,-5.1697583
-0.89152384,-25.291355
-3.2049387,11.158967
8.482655,24.776134
45.60639,-8.599721
-2.09409,-2.0677278
11.991706,11.034409
-6.1175222,22.593145
15.975985,47.464252
-19.754118,-10.025841
33.89708,-24.467882
-10.455138,33.36096
45.829605,-9.088699
18.409344,4.5207043
52.22634,-21.019983
-42.248962,-7.266662
38.346542,-18.70878
24.779568,-33.628304
-19.174221,21.533045
-22.814222,-1.5323788
-32.65252,28.56438
31.427267,-26.349606
-15.106028,0.91797966
1.8189964,-41.894794
-24.490038,47.18168
39.42112,14.030976
33.585308,-26.656464
-26.664984,31.494793
-11.598068,-41.369473
40.896587,-33.43573
16.96913,19.297087
51.99449,-22.01145
-14.12805,-34.335903
-8.235835,27.019638
7.6681266,-45.087086
4.004468,-41.554005
-19.60851,-40.204487
-18.205711,-8.176671
-38.151424,30.09621
-45.863228,3.4606497
5.2819643,47.72777
6.957783,-41.988533
-24.219627,-49.277054
24.970423,-4.69419
-3.8584406,-6.327486
-9.294527,0.7900824
26.236776,27.282454
0.85182214,12.54285
28.678389,16.304796
-3.7863123,-32.380882
14.200299,-33.30332
-25.999708,34.81207
8.855483,33.985565
-7.0673695,23.317078
13.170815,46.112587
4.8744607,-11.144961
4.7556295,-33.770046
29.535162,-41.866623
47.646736,-17.193644
-30.753134,53.787754
-0.07300986,-32.895473
17.20127,48.678482
23.646845,4.941887
28.595173,-39.533493
41.644478,-24.166723
-0.08478443,-32.890625
22.591898,11.938986
-30.286287,51.981552
38.157204,-30.877106
-7.1815763,-3.083945
-26.14293,-6.4738317
23.950172,14.600505
19.823809,48.134586
8.519924,24.807375
-18.784191,15.828976
55.01324,-19.674326
-18.57008,2.963112
16.838596,5.7203016
-2.4434226,15.082204
21.548574,33.84424
35.238182,20.635406
51.167595,-18.391357
35.08405,-27.214434
-22.874876,31.973082
29.704866,44.347363
-6.063023,-38.877934
-10.091289,12.651243
19.17306,3.4547815
-26.86207,47.94204
24.547243,-5.3470016
-22.84444,-2.8225074
-24.941416,1.816847
8.333782,44.379242
19.483961,11.748432
-16.00196,3.8650787
-5.4468637,30.443205
-12.754514,-8.926004
-32.321255,27.525478
-34.473423,-16.501005
48.248615,-19.971922
18.86354,-9.094394
8.160312,-42.40781
26.945738,-43.36909
29.112152,-35.08909
4.463179,-30.994127
7.399031,-38.359898
5.550639,44.233593
-22.147505,-41.049854
30.661625,20.636868
9.608764,-3.579597
11.518106,37.55816
14.153406,-28.77821
-8.281695,-39.860264
15.928364,7.7469263
29.621998,-33.28176
-45.361996,-2.4598207
-24.0002,34.42037
20.233511,4.3726
30.30462,-26.988884
-1.5215678,39.172737
5.7101245,-39.308514
-14.758468,-9.848757
-47.5458,2.9966881
-25.863842,-27.910576
28.57996,49.310776
26.387403,-18.385866
23.069208,54.64184
11.200402,26.195982
-4.975135,-39.341434
33.164692,8.570282
6.3729773,-38.086594
1.7818214,24.823364
-22.998129,5.831346
18.919498,4.304649
-50.32464,0.5626068
-0.867325,-32.742813
27.22856,44.889248
8.801345,52.072445
3.9131792,-8.197297
37.29536,-18.808775
26.610615,35.74633
-2.6241438,8.657748
-27.724476,-31.663599
-3.0778892,23.661123
30.039856,-32.53062
26.577305,-28.259377
3.0532222,52.465748
1.691426,-35.09994
9.1395235,-27.67711
9.298439,-41.35159
30.163227,44.396595
14.513455,-6.118434
21.581963,38.233704
24.285654,10.448446
29.968033,44.41814
-16.678658,-10.366457
18.747055,11.158738
-22.428186,-47.277615
53.245033,-21.647459
-46.605705,1.1163977
9.6434145,-2.2221377
-26.194357,-7.5665917
-13.438275,-22.954985
-24.208725,-31.49061
14.291658,41.496513
-13.392258,33.339897
14.499132,5.4868574
-0.53523296,32.09823
-5.5010114,14.255472
23.954226,40.983593
24.219105,45.20128
3.610271,-39.23447
34.510002,36.60093
-15.911321,5.245098
-33.094032,7.7471747
-28.43723,-0.01559198
-24.934937,-8.483786
-21.639675,20.382307
-18.366879,0.61423653
-31.15199,25.519161
6.227743,46.660603
20.532343,37.650272
24.646667,-6.482562
-1.7874897,-9.185318
8.4627495,0.8983955
27.690142,-39.683872
0.7013113,-32.051987
-5.985087,-30.764404
31.634666,-40.15452
6.7894654,34.862373
-5.7688184,14.522622
-35.007133,26.61764
-35.050056,30.803514
3.5492964,-34.115616
-22.047216,20.292831
22.04327,-9.8474655
50.783695,-18.050167
-10.552023,-43.426506
2.7172248,21.97169
14.341221,38.76001
-3.3128142,-0.34917516
-7.460682,24.434668
15.626893,48.32273
-18.51992,-39.45301
-11.120027,30.334185
20.878778,46.340477
-5.1109405,-31.560694
-0.896705,33.417854
-31.342188,-46.541653
3.289684,22.001516
22.526926,8.99511
-0.60852355,4.624285
-8.614734,-38.963352
1.441947,-32.8362
-13.579073,9.442902
-31.658989,-29.612873
4.03127,-38.59017
-21.57106,-35.495163
-16.402376,-0.13436238
-41.184486,-4.281889
30.896088,-39.946857
24.930214,25.564444
-28.593174,-35.944374
-14.821033,-44.36388
-19.234512,-6.704988
11.929661,17.14834
-23.512108,-34.745434
5.3357224,-14.362259
12.579093,-8.116541
12.282635,-37.78712
38.15854,-14.056859
29.179771,-27.84089
6.4581494,-6.4904213
29.958582,-35.78918
23.145687,-37.228832
-46.704967,1.2679538
-41.020042,-8.269639
19.006504,-11.912323
-2.9918244,-34.51196
38.578823,15.8863735
8.396002,-45.06447
3.7802474,-33.16055
5.249964,40.863674
26.503626,-29.25283
14.200787,41.426674
25.071552,4.0266557
-9.833737,29.211685
-27.538395,48.37918
-7.3985286,10.408752
-31.199327,-17.014744
26.451197,17.919416
29.101583,-30.19425
39.437866,-34.338085
52.0369,-19.853659
-26.690817,51.801586
-6.948851,-7.8532205
-27.717014,-35.405155
10.880275,27.222034
29.047577,-47.396976
-24.7731,50.60456
51.187046,-14.491555
-27.516136,-11.31495
24.039495,-37.0437
-28.35734,36.35559
24.62187,35.135086
34.817253,-24.658804
38.46643,-31.333513
16.505476,21.189226
-30.373346,-34.708546
-17.466022,-4.8937926
-9.848202,32.22116
29.150137,-47.544502
-14.649155,-44.37359
21.641956,5.4608645
10.81476,37.605934
9.588045,-5.4076805
32.057354,-36.099228
1.6549127,-35.217728
24.335516,-37.293842
-17.245293,20.407265
-22.56421,51.543102
-49.740124,-2.419493
48.77213,-18.710264
-25.240097,50.807938
-11.230111,2.5912
-17.97302,14.6049185
-22.229149,20.138258
-16.17371,-8.4105625
27.57913,20.517132
20.087523,-7.115097
27.798748,45.99015
36.870472,15.764095
21.902582,6.488249
-12.741852,-7.5632806
21.045835,36.818455
-14.187728,-3.7858543
-24.517859,-1.8349293
18.643375,14.1753
27.892736,42.285397
7.279396,-15.680711
1.2828724,-14.362326
33.65628,13.48192
-18.952564,18.124334
8.68544,49.88326
-9.476462,-34.11927
-26.20214,28.127207
5.4397078,37.268818
-7.340379,32.71031
-23.421455,-35.70203
-0.7773801,-10.262188
23.584719,46.171463
-2.9257517,-4.0735483
23.939232,24.068584
52.256134,-18.502562
-29.352928,10.422433
29.19895,-13.630631
24.01199,14.552302
49.67732,-20.678995
-10.998197,7.600264
-9.515908,0.325063
39.665146,19.738304
-6.5611224,-19.649279
2.564629,-24.7259
-1.6937255,44.11611
-26.574236,-7.098167
3.6614132,-13.621488
-13.721559,8.656884
40.511066,16.096498
40.586617,-32.873383
-3.4742143,11.697389
-11.672166,-13.645467
-25.901783,28.458994
-26.383633,-11.406944
37.128357,-27.021523
29.056044,-27.82749
-9.859308,41.896793
-31.134855,-17.596941
-9.18352,31.45909
-22.647148,-0.3762332
22.0198,38.685513
-22.957434,9.025859
27.168299,7.915417
-4.692225,-3.064322
4.528843,-1.3983257
7.7159853,37.76517
-7.055259,-53.005707
-20.750147,15.455838
-10.278473,-49.639988
-35.866974,-4.779022
-44.562023,-10.169752
-37.52927,24.675398
-1.9811969,17.96983
-14.832793,-26.45152
9.417956,-43.82749
-6.2178187,-31.61156
12.653905,-42.977615
38.471004,19.399822
-21.446747,48.3912
-7.9841433,20.38925
53.030987,-19.309551
-29.435316,26.33049
39.591885,16.80478
-4.221322,-18.078732
-5.4410834,-9.199588
-31.107431,50.254753
-10.207031,-49.2745
32.61414,25.785168
5.059337,-24.879364
-29.008307,48.67405
-9.4188175,14.662636
10.094149,-36.14232
12.144986,44.530544
-14.341802,-3.8137379
27.566158,30.72627
-29.328794,49.819782
3.1993947,-42.846596
-36.147923,-15.937464
-26.384521,-7.71024
-31.199669,-33.545513
-30.833435,53.30941
-20.27485,-0.7141605
-29.395447,22.690058
-4.4346232,-9.795164
-3.0012553,0.79421407
-1.6312834,-32.186687
-13.031054,-6.2033606
20.29423,-28.758303
0.97223043,-15.670442
31.649708,14.840366
-7.0163736,-3.8459349
-9.464764,-41.410233
-29.910357,-42.984245
-19.63182,-42.072605
50.033333,-19.872644
-10.076797,-4.930401
-45.52991,-7.6773157
-25.839058,-4.406377
-32.407917,25.87225
-47.944237,0.286311
2.599809,42.778767
-13.315575,-10.084253
-4.0871816,-11.770431
-52.384445,-2.0432572
32.11596,-35.289036
13.061057,47.876995
-23.541637,-48.65251
-28.51884,-27.876293
31.091408,-29.30864
-10.960702,16.62796
10.386864,30.680943
-11.939762,-8.094994
-24.908924,43.630985
-9.89245,-12.528457
35.436153,-22.730867
2.6582859,13.340106
40.824783,-32.978672
1.950322,-7.410209
50.765743,-17.579466
11.795069,-9.495506
11.791944,16.450392
-30.617897,26.582298
-4.5018992,-27.80495
-28.22202,-35.32512
0.72787845,-27.023035
1.624317,-17.397547
0.36742318,-31.934216
-5.450268,-30.696278
-14.800015,-12.04575
9.443418,25.4492
-29.567554,27.702665
-28.311998,36.238934
-24.168526,11.896502
-12.269887,9.14674
-27.39496,-9.681648
12.52737,-8.306404
3.8611982,21.460686
-5.456225,-31.6218
32.989655,-30.453516
9.509049,27.926174
6.2295346,42.679543
33.519253,-25.635073
2.86932,-23.16072
-2.4635694,54.957043
5.2667003,-2.5291777
-6.1164436,25.922726
-21.305178,44.607506
49.17662,-19.715158
10.397444,42.14023
-1.9084421,-39.455853
-4.057584,5.010088
10.965143,-8.995001
17.28727,51.36998
-29.663116,-32.030422
48.861065,-18.480883
2.7219539,2.5114322
-14.942398,-37.209473
-8.240231,17.731064
-25.534996,6.6208587
-9.408399,29.439768
9.417178,41.28136
0.6770655,-42.267376
25.121523,-23.501637
-32.375603,49.647987
11.293505,8.546844
-26.68282,-38.784588
5.587567,44.169067
-21.6695,-32.763454
28.163599,39.985023
23.581892,-28.664068
39.88552,-33.31912
11.312387,-39.236835
25.461967,-16.03195
-34.98134,-14.314515
1.7969453,-39.102886
17.407055,39.434856
-20.466305,49.77532
18.988688,36.92702
0.36244214,28.712206
22.12917,45.206116
49.901108,-18.239172
0.68825245,52.061275
35.254883,-26.135178
10.731512,-40.489155
-6.6417136,-38.34251
7.379222,47.40814
-6.5147343,15.954927
-27.256977,-34.812294
-31.868618,-13.999776
29.990591,47.397217
-32.649628,48.395115
-29.7726,-16.056986
14.885444,20.140236
19.023464,3.5157075
-24.026566,51.88918
28.667088,-38.028084
55.492935,-18.857569
-30.20321,27.252935
-9.6375265,-17.06888
-21.562622,-36.501553
-8.0606985,-13.7138605
-27.669842,-36.81153
-14.601215,6.6676893
20.314634,47.753082
-44.29642,5.2710347
-11.411099,30.461872
14.349252,38.677296
40.052177,-0.25570706
-9.374345,-42.219334
12.639148,4.2057443
22.13259,44.222626
53.774338,-16.983889
-26.663158,34.55639
23.275663,-19.672447
38.933144,19.012083
2.822107,-37.470047
-30.148548,-17.637005
-30.626726,49.477192
-39.940292,-9.337558
0.28445038,44.93369
-29.862822,34.74856
-27.630362,0.94977874
19.771576,41.21714
-30.555311,10.920936
19.76837,51.589924
24.553621,22.988499
53.914623,-18.621479
-4.6699977,21.179598
40.313595,-13.812582
-9.392778,-3.228024
-5.632851,-2.9166105
30.91311,-41.52156
-17.243248,-3.5208516
13.643438,19.474728
-45.323368,4.818882
-29.896479,-37.225163
-14.720613,-29.613686
4.6978793,0.8210904
24.543636,4.595507
19.356047,5.8076525
-21.20324,5.42674
-1.8871996,-8.568261
-0.6362739,-10.052883
-24.265718,45.24337
40.372807,-13.934068
-12.046309,34.895584
18.128954,-10.496186
-45.936142,5.7983193
14.273743,40.04264
16.005663,-9.576356
5.87149,-42.33648
21.91745,50.2471
-0.5286906,-15.539943
-22.586096,-42.738934
25.716288,39.542633
-24.786905,30.846867
4.596445,37.737713
46.785442,-15.285642
-2.1991165,2.4874406
-11.030135,-27.96641
-24.017849,-24.922424
-2.5170665,-14.770336
-16.9581,4.0630555
-46.610874,1.157894
-29.979456,46.49322
-33.32342,31.169994
-11.048347,52.95862
15.423368,5.6804676
6.1864157,-26.90036
40.75866,16.719517
-22.23902,-38.199833
30.771849,-31.437803
-14.922619,-26.354895
15.27242,-35.28512
29.84843,-39.21905
23.631882,48.335835
12.062946,-36.817055
-25.00102,23.339613
-2.6329176,-5.3219213
45.280094,24.718115
-18.825459,-43.356247
-9.727233,32.833107
12.341971,-3.8563783
3.7235,-12.035278
52.26281,-23.207994
17.194248,37.85821
7.138607,6.579105
48.100025,-17.71518
-19.034811,-2.848419
2.1091082,-26.267801
6.8008385,2.566962
17.273582,21.093512
-25.139654,51.251625
12.644187,10.699108
-5.5894995,-36.204304
-25.330526,-27.527521
-8.341285,-19.293842
31.973644,-37.918304
-9.441445,-16.826353
-23.84817,-10.168022
-6.110188,-16.611208
-25.718845,-23.468958
-8.57897,3.724442
3.9413786,39.065495
-17.404888,-28.263712
-33.809635,-37.67333
36.325745,-23.0032
0.421809,-3.3658786
34.1789,-23.270496
-49.09703,-1.2319466
-44.947327,-8.572547
-28.451641,-27.030064
-11.942451,-1.1197485
-41.15176,-8.209326
3.3357198,52.474876
29.109873,-47.51268
12.17132,39.98388
-2.4419537,11.522023
-35.345062,27.190561
-24.853523,-28.054071
-3.3594537,22.55097
-16.841026,13.81831
-9.780437,34.563667
-26.572178,53.30674
2.776912,-4.474417
29.280264,-28.239456
-8.404375,32.382446
37.160706,-26.519102
-3.390934,-1.6149013
-32.866123,25.358871
-17.334486,3.6450193
-11.675395,-13.630824
12.122369,-11.8023815
-27.80362,44.2255
19.980152,35.84151
-2.1054595,12.136226
20.569687,-11.834934
-25.890747,-4.4024816
25.181671,-41.606625
1.0755675,-29.614548
13.302498,-35.993088
20.779345,12.0629635
-27.206848,-46.701923
-31.73998,52.588173
13.149361,46.09864
-15.275359,15.607432
-3.8826985,-30.664284
-28.821812,-38.351894
-7.482811,-52.60595
-6.28466,1.0894387
-19.431923,16.04669
6.4182863,39.283203
10.242903,21.664639
-2.6948996,58.02984
-2.3925788,-5.446686
5.935389,47.811825
-10.306135,31.94175
-24.812822,-35.302437
50.325882,-22.02359
7.764706,-38.435562
-5.817776,3.29703
3.5056267,19.219374
-1.7137096,20.892498
-46.770443,-1.6281756
53.259254,-17.578007
-11.768235,9.9314995
-46.52719,5.387814
12.3040285,11.220973
-7.6043496,-34.840275
-9.1962595,-39.540318
6.6044464,23.931482
16.622541,14.678757
15.261067,49.668457
-18.952953,5.374916
-18.765043,-14.230569
15.687046,6.8922477
10.7569,15.598603
-15.19203,3.8326817
-17.632248,-40.445663
8.844833,-20.627184
5.9190226,-32.542427
12.545345,-5.653957
6.786108,-34.270157
21.768684,-26.21826
-31.073776,22.842941
-22.661238,50.38553
-24.452467,-2.0379934
-16.178627,10.259275
-11.863517,31.213427
-24.384169,-48.961666
9.257401,-43.66076
13.512411,35.430515
-11.52395,-11.396858
26.693008,-18.75157
-31.012527,-4.330874
-25.14193,23.450651
-2.2899814,-30.931585
22.02244,-26.16755
17.084208,-10.899179
45.25098,24.82627
-7.6595836,11.379199
-30.822046,6.4483395
41.25943,-32.967915
26.855574,41.767315
-19.18663,-46.045135
-29.233438,31.255987
18.163641,-10.755642
-34.81829,-14.262583
15.381663,-18.482061
22.139894,-12.292392
-30.187578,35.269333
-35.707596,-42.60086
-17.537178,-19.01376
34.16623,-40.47223
-28.494457,-28.014156
16.870224,21.544582
19.008566,16.005598
13.611818,-8.206494
-1.2944074,-29.857834
31.616386,32.296562
4.378318,-27.532873
-16.122068,16.221373
-45.857693,-8.805084
14.906674,47.653812
-14.644902,18.207176
-8.642582,-7.2561517
18.469193,39.67246
-25.990368,51.555058
41.32102,-32.846016
6.281823,-41.631832
5.4857225,-14.452161
-26.125805,-28.056467
28.368202,-41.02594
-14.754644,-26.285187
44.75527,25.501945
-25.041664,33.449043
9.763195,-42.674026
-10.190605,-49.45457
-47.63876,2.4789057
-25.60663,50.92601
-7.3946385,-5.0651693
20.70513,44.854855
25.940565,-4.4240284
-27.534908,50.087772
-1.4548323,22.401127
45.949158,24.715635
-30.179853,52.389877
-19.626598,18.202585
14.253062,14.892519
-35.02086,-15.9928255
-41.185863,-4.1602488
17.431786,33.324867
28.877987,-20.223328
-4.0662,24.68046
6.215204,33.422966
13.989762,-36.218025
-34.39489,-14.520898
5.004263,40.122387
-20.862526,-6.7412806
30.738945,-12.947431
47.985535,-23.05901
39.47566,14.102197
-19.374825,-0.32819602
16.296633,51.52182
-0.9633586,-15.492896
-21.825787,-30.003225
-27.256084,-11.2827425
17.724592,41.480263
-19.417276,21.898838
1.6151955,-43.351963
-6.6523857,5.1550097
-28.3346,21.192257
6.7406487,12.951091
29.086622,21.789051
6.984905,-43.88918
12.722847,42.46223
-0.89879423,-28.48748
-15.5954075,-8.312412
4.8445687,32.100464
-38.035305,-19.862923
-1.0873047,-34.304
-22.125359,13.373021
9.212186,-31.4347
50.34034,-18.993605
-6.2409363,-33.123104
-14.811467,-14.660444
-32.47884,48.043312
-21.080866,-41.32576
-22.727942,-5.0012927
-2.9954798,22.039658
3.0488527,27.686277
40.891224,15.960438
-32.715683,44.4663
-32.474632,26.930513
10.357414,9.997237
0.54996884,-32.155697
-23.700903,-51.029144
18.074423,35.186954
54.15477,-18.4719
27.450815,-35.484554
-29.421654,-15.838376
39.247974,-30.286734
-27.862528,53.74948
21.4125,34.326794
-18.113268,-4.6479144
12.668765,-26.021719
-28.234043,51.53535
-43.62149,3.5632102
41.282272,18.405012
12.633137,40.89998
-27.166914,33.857357
1.0627941,-44.58679
33.6972,15.422991
-8.96897,35.14709
-11.901752,-11.621285
2.4361608,-27.025522
-32.772793,-15.633748
9.287402,-2.8220038
-5.7295256,-3.4299755
22.69617,49.97006
15.6572275,1.7850178
0.9142466,-33.446854
-13.513735,0.3346431
-2.1528826,-1.2567614
-30.984657,-33.99434
-1.9056672,34.143925
-21.003119,10.992722
-10.539661,6.4741974
-25.97789,45.398712
-28.52943,49.01563
-48.14204,1.5232735
0.49935904,-10.787032
4.71544,-40.33689
-12.977979,-39.14774
8.53281,9.822375
3.0557132,-22.625935
-12.40403,-1.0853938
13.697608,33.19819
6.727995,-43.39603
22.63225,-27.39116
-18.620333,-31.078356
-9.800876,34.521584
-25.830112,10.218835
0.3119757,28.583307
-1.1778417,53.416866
-19.187206,-46.078712
35.24005,15.136189
-28.941687,48.922367
-23.569796,45.189365
40.685852,-0.09538197
-7.983389,24.931757
-2.21168,17.20857
-13.709966,-7.7306833
-14.008557,11.586474
23.8491,-36.69029
-0.32928535,-27.347857
4.0202208,-4.625917
-20.951399,-31.232574
-11.218498,32.261467
-8.524612,17.460833
-27.91879,-39.105896
20.63691,33.521824
-14.267378,11.526884
32.431038,-24.31677
-31.68588,-32.22438
24.898144,46.528454
-34.85177,-42.884945
29.046686,-47.42652
10.039962,39.481583
-4.4911714,-33.67438
-5.480229,-30.677822
-1.3376598,-26.222404
-27.457375,-34.46103
0.1658923,-27.399714
1.7913811,24.814306
3.0029275,-41.191715
-31.117813,53.325684
-0.8636324,3.8281772
11.369293,34.778446
-30.950394,27.506765
-33.153862,31.500954
29.902735,19.596458
-2.9138663,56.737988
36.012062,11.157112
35.43585,-22.05213
22.639673,32.60715
-0.6591316,4.842099
-24.624083,-2.6039257
-7.2947564,22.392529
52.55166,-18.668825
10.901627,-6.528272
-45.950367,7.37044
-27.90087,-41.197163
-20.289358,-8.170707
-37.92922,29.318665
12.313644,26.347609
-33.95378,-11.975859
2.4180312,5.4617496
-7.9851923,-11.155502
-39.38479,29.2453
26.108805,-5.035755
-1.8653721,-36.02443
38.289036,-39.744286
16.14642,18.114964
3.0460517,19.229101
29.784548,-35.8864
-16.96806,21.305063
13.7387295,16.292501
-2.0711074,23.877888
10.222986,-5.376161
-7.958627,5.8445473
38.265095,-24.037117
39.045746,-30.328722
-2.6937342,56.09898
-9.356461,-4.025489
-27.0418,39.72046
-26.775694,28.721306
38.26054,-14.067543
35.580807,-25.151947
5.9727526,-40.180347
23.82243,-24.489347
-29.739214,25.042433
-33.170673,29.02005
-19.74568,-40.958443
-3.7242177,43.439438
7.7716813,-15.589882
53.346195,-18.406792
7.0926714,-43.256657
-35.346756,24.037977
-15.271971,2.2427752
-9.829304,4.0061965
-23.22195,36.380947
30.034819,22.138573
-1.6921953,41.622
29.648525,44.60593
-31.503305,-37.75798
-46.367355,-2.3076198
-15.237749,-12.18633
2.1973135,-31.767756
13.530877,-4.7263474
9.940743,33.90732
10.869736,40.139233
-7.6265144,-34.869793
50.37807,-24.466585
56.08577,-18.94821
3.5188208,5.463008
4.695849,-42.349487
18.59857,39.446087
-17.652979,17.31572
-21.336418,8.565315
-19.14975,1.5293063
24.514503,45.885822
17.994534,-8.698234
-5.9333344,17.717289
-1.2604026,-33.484444
0.71513116,-26.130594
-38.258324,30.99047
23.029951,54.629482
12.687009,47.98261
13.677137,37.751995
-16.4852,-5.5166936
-26.0935,-4.7235565
52.982037,-23.008314
8.66904,47.58218
-20.749073,16.583977
-22.060444,15.360928
-4.9033484,-35.28791
31.834175,-42.168568
-30.315933,34.547455
30.750137,-32.71675
-10.12809,12.71616
45.790462,-8.902207
-38.396847,31.674725
-31.55518,-16.752514
53.373512,-19.33613
49.357403,-20.206919
-1.7234842,-1.613903
12.384977,-45.21824
-43.899426,-19.728771
-32.765785,29.69594
21.825321,-25.915846
-0.6302006,-5.115315
-20.59413,-5.06979
-28.014133,-33.30454
12.3698225,45.37741
-0.8052158,-8.86037
13.879077,16.159483
19.416697,36.60098
-4.8850474,-14.778676
9.019027,-20.196505
-11.545771,-26.25909
-17.094885,20.043175
-20.913116,-11.733409
7.6117444,7.4674544
24.215132,43.89229
-25.622612,49.10105
15.495169,2.0389864
15.944705,38.910606
-32.116184,24.244394
8.99181,-38.578506
-17.082912,18.141912
21.558487,-20.810228
13.738818,18.122086
-18.533855,-42.790264
-14.405672,-19.788092
-1.285358,-32.95729
23.682726,-7.103614
8.213747,-5.251483
-28.178263,-5.1842046
46.553627,-20.342905
-5.381641,24.735567
12.309507,43.06817
29.677275,15.109708
3.4441323,12.803896
21.88416,53.48313
26.498371,-31.365206
-30.596914,-33.20911
26.052877,-4.358721
40.625935,-18.464764
5.9301343,-42.686337
24.431408,-9.30867
-7.381772,-5.704568
-3.706567,-22.45537
-8.717275,-2.702722
1.913686,-5.150557
-17.582396,-37.569252
-28.900913,-6.849582
37.911232,-29.64717
-4.683694,-45.59564
47.13505,-14.099733
17.395672,-2.3109622
39.009327,18.237206
-21.068275,-7.779412
17.20442,-3.1919336
41.169815,17.088194
-7.232795,-33.122993
-29.918833,-42.992344
10.249879,21.653852
-28.855404,-38.67501
14.806557,-21.449293
-24.738853,-48.88847
-23.998055,51.54588
-14.091805,34.80716
31.124113,-41.234257
28.338608,21.813522
3.2508373,52.161972
-28.291052,-11.829908
17.591482,36.547157
-7.47334,-52.185497
20.893885,31.648703
30.681929,35.462906
50.510445,-24.71073
33.814106,-23.415604
-0.91675395,33.382717
-25.726534,-49.164364
-7.452877,-47.618702
-30.404343,29.889307
49.378685,-17.262716
10.179134,26.378527
-36.848515,31.213017
-2.182275,1.0219011
-23.89323,4.2978926
16.940742,12.903276
4.511284,-53.183746
-12.011712,33.09417
30.37178,-15.40991
-27.291817,-11.014324
-30.282602,-36.254063
-11.483508,-13.685157
-26.716213,-15.605189
38.129017,-32.97885
-26.730505,-2.4992537
19.25149,-8.34939
-11.6813755,-3.054294
-34.760956,16.467108
-44.942787,2.1409638
13.083281,19.08477
39.91268,18.335241
11.361083,-2.7092412
-5.4336157,30.470682
26.85832,26.706894
-10.627048,-18.75754
-31.073242,-32.03806
-34.369358,-23.09171
-11.948672,1.0601718
8.328496,-6.8162956
-9.456081,32.934193
1.0816689,-28.178135
-11.686291,-23.893103
-47.858784,4.4510956
-12.617666,-29.740606
25.754723,-40.19497
-34.437286,-17.189943
2.3098123,-46.09455
41.39388,15.647444
-22.254007,50.851418
50.20023,-20.91657
36.39022,5.711501
-22.87203,28.620953
-19.509844,-2.4809263
-19.335539,-27.038078
-30.883442,33.800068
-18.55415,-43.943203
9.9076605,39.506126
26.5888,11.779529
-22.650846,-31.945787
30.68517,35.458546
-29.548708,0.9678158
-1.2863787,39.00635
-8.3032255,-25.6779
-27.4315,-25.413525
32.32269,-39.3988
-20.619898,46.51761
28.67209,-31.406418
16.824326,39.673084
25.057722,-3.7027986
-9.481907,-34.12017
-1.5267155,4.681192
8.964193,-45.08753
5.7554774,-53.493435
10.357891,13.959458
18.527798,34.741096
-9.067007,-5.756792
-25.534378,35.95534
25.643242,42.615803
38.506145,19.626291
-29.013073,-28.651375
-1.841241,34.368107
-38.15525,1.8249444
-6.1500754,-2.221949
13.454088,-22.392029
-18.192778,5.6575646
1.8001382,-0.6830929
-28.693695,-32.868477
-17.481302,26.075052
23.097448,-26.88317
29.202957,-33.85235
-20.146532,-0.29025358
-1.1418781,-34.04207
50.942665,-23.228312
-11.084007,33.465828
13.669166,19.67312
-34.1858,30.572893
22.138777,-48.559704
8.436923,-41.787586
32.308777,20.983076
-1.2687433,-30.34088
46.942516,-14.029381
-1.7086616,-3.0311475
-25.055548,11.493279
-8.956894,29.213707
-3.5787084,-42.96178
33.7239,24.235224
-3.0322087,-5.0471354
-2.5688872,8.589735
22.635855,26.836031
36.139988,-12.7629795
-24.123829,-9.207613
-27.895973,21.327868
0.27084705,55.958298
-25.505547,-34.211037
25.806433,-6.2619247
51.3015,-17.681229
-21.427084,1.0042208
6.2631254,-39.027256
12.15192,12.854845
7.056692,-3.3320515
-17.531998,-25.814217
-16.549496,11.977144
-40.210968,-28.50058
20.68429,9.841557
-27.231918,20.832458
8.708088,-27.915333
-9.73863,-10.165089
19.79577,-33.191673
-26.357868,55.18431
29.867685,-43.515438
-24.969059,53.009632
-31.957727,-14.854712
-27.940931,-0.23822133
-2.4679546,19.930487
-4.305244,4.8599887
30.045998,-42.449295
52.49405,-16.536652
-12.219705,-16.24147
-34.22457,24.145533
38.98367,-31.220879
9.67264,-44.85292
20.530546,34.178444
-31.021564,-13.85116
0.83544856,-40.02725
-1.1320785,11.291003
22.507599,-27.393984
-24.013397,52.89035
-8.27876,-15.519011
-24.963852,28.633663
-4.4004664,-12.2102995
36.337173,-38.200058
22.45264,-27.41185
-11.781882,-4.3631887
-25.885149,-28.654444
45.515522,24.152441
-8.147839,32.309853
-25.971914,-6.5482183
2.6762798,46.789734
-31.279095,29.287075
31.100468,-35.491932
-3.7805145,-20.082489
-2.2026865,10.562677
-26.70543,-29.57195
-15.980892,-42.40277
55.439453,-8.207973
-27.143637,5.2418976
-1.791415,13.135194
27.254292,-42.9678
-46.163624,-7.6027474
-32.74704,21.16514
-0.23413496,-19.358217
18.684805,-36.48684
15.358665,14.640765
25.545084,47.678738
0.038347285,54.103054
-21.855492,52.791424
35.64016,-34.380466
-24.928886,-1.7346148
4.4394355,-6.052175
-46.064445,-10.979148
-2.5178034,-20.459143
-13.5463085,52.80386
-27.895084,8.068521
-33.520798,50.13863
-16.567717,-0.6348084
-6.661952,15.51847
4.043499,-46.05033
-34.188545,-28.245817
13.6103325,12.655514
-7.542276,29.817162
-32.210423,23.487982
3.9977877,-32.944412
16.134165,21.08593
8.338563,-4.3089027
22.06317,-27.073181
28.700699,-42.64449
3.6633444,-53.383194
42.62236,-18.291727
-32.83934,24.322512
16.121338,49.452705
-20.36565,-29.158522
-27.37185,-43.609035
-4.0191803,-11.735942
-9.632587,29.956448
27.500252,-38.530952
-8.169319,6.660057
-3.2395139,12.357802
26.118412,24.605457
-16.356031,18.38606
10.770479,43.02017
41.58678,-33.481495
12.949337,49.469418
-14.389155,-19.895485
-0.53720176,-48.370354
-31.08485,-13.647324
3.4363096,12.759991
-6.2146425,-9.0745535
-28.840887,-33.660053
54.016296,-21.08477
30.629019,-21.450872
-25.78469,-31.526299
-26.169813,41.87433
-3.2551322,-37.740704
11.544821,28.057322
29.01788,-34.170345
8.927006,27.804247
-6.0665617,-26.866621
-4.11049,-29.699488
-4.6523,9.698833
6.9563,-37.10129
-11.4468155,-23.506016
-14.516289,-18.706507
-17.499958,5.244182
-22.471243,-35.870834
-1.03764,-30.797195
7.573406,51.470097
16.227663,49.887936
-20.489164,-9.96079
50.512386,-17.106577
-26.252815,33.069397
-25.158827,34.6613
4.507826,-37.48591
-24.67136,54.59772
-25.080132,5.5676084
35.05822,-36.588196
-22.29025,-7.2492347
41.59473,8.442935
11.458785,32.95362
1.5631211,56.562336
-19.43623,-44.04557
-12.629971,-39.075115
-1.2822686,58.825836
-31.98535,49.509735
36.49002,17.71624
13.420067,-22.404793
-5.7961583,-17.135597
-25.538387,47.7377
-31.427374,-4.2259045
-15.007515,10.110623
11.672787,-30.365707
-51.845192,3.640339
-25.542332,-44.608643
23.131048,-28.03692
7.796991,-38.701927
-28.143978,1.1674949
-42.31947,12.41901
-24.2112,-10.185455
28.595306,51.506363
13.923004,-33.269917
-1.8203082,13.090743
3.9244647,8.67977
10.389934,8.667169
52.858852,-20.239443
-4.495673,23.654047
-18.117226,-5.500712
-21.541803,51.5807
14.347548,50.226856
11.221642,-33.35875
-19.972172,-39.15489
-16.678,-10.577449
25.795784,-44.295815
22.814623,-37.651287
0.97678584,-21.906734
-33.714058,-42.353687
49.565132,-26.79024
-31.204922,10.943836
-18.424456,-43.223984
-25.199318,45.181164
4.713442,0.86118615
8.466382,-37.65122
2.5015764,-7.9431477
5.7354536,-29.998255
-7.538109,-52.06169
34.402832,-34.439243
8.287316e-06,28.483526
18.831718,40.278484
30.33506,49.801094
51.065853,-22.247017
-26.43681,-25.763578
-20.176525,13.268688
22.625174,41.865555
40.11242,-33.510586
-46.604362,-8.653022
-8.494572,3.3642132
-3.444221,-35.8433
-4.320533,29.620056
-18.162298,4.128678
33.631447,49.409843
-20.802197,-6.215494
-33.61735,26.873915
-5.197905,-5.979664
-21.520023,-20.795485
-25.474943,28.555845
-41.307644,-4.6769204
19.342005,-17.414223
-5.6975284,7.612517
-30.150524,28.403862
-19.402533,-40.034634
-0.81886595,-8.066105
16.387445,-36.375362
-8.016106,-28.971697
10.172104,13.963528
-30.715977,11.114597
20.584295,39.478455
-28.537733,47.720703
12.534616,32.227127
18.16367,25.727907
-1.4260781,-38.30934
-10.898194,-6.8148837
22.633394,19.219234
-32.886196,23.052965
16.741064,32.668068
14.962886,35.142025
-17.93135,19.534288
-3.561879,-9.381591
23.206884,13.472458
28.457659,-14.500522
-17.417719,48.840668
-32.739464,-33.388603
-4.200641,-30.264141
44.799168,25.475796
0.5561963,42.884075
39.514614,-29.9947
-36.716694,26.071291
18.192923,11.154298
-23.917477,-31.82314
41.51592,15.742533
23.966461,36.042995
24.37619,43.121117
-22.080572,-26.651754
31.01235,-13.446675
52.11165,-26.138624
12.498845,41.71873
-46.451405,6.58236
-25.575033,-39.30311
5.8795056,-45.269924
1.7578876,-7.3160486
-28.441843,-2.925564
15.773431,29.941765
-6.007306,-28.636625
4.958543,-41.065742
-1.6172576,-27.751516
-23.410416,10.452761
41.60821,-18.288437
40.638474,17.463417
-16.693941,-13.86012
-26.230795,-46.190224
34.16099,13.389534
-12.057995,-13.698603
-13.46244,51.654987
37.956886,-21.060873
-5.7215953,-29.907682
-23.448624,-52.163788
-47.703197,-9.714738
-19.671257,6.5426064
-23.529678,26.609262
12.65803,42.69779
45.479534,-18.446873
51.066975,-21.464933
-7.291756,-19.829824
-23.364315,-10.12719
28.867077,-12.614492
-25.476097,-29.271202
-6.980279,-13.275653
-29.218538,10.29953
-22.423939,-27.667496
39.241882,-23.315834
5.8857317,-19.052032
8.258206,44.6515
-3.6789825,-18.107183
-3.8775415,22.912586
28.837267,-36.99753
-6.9184847,-40.917953
-18.19569,-28.81687
1.0517039,27.52843
2.2085297,-15.171896
-1.1442599,-27.09471
-5.5210943,-5.4503865
-18.503876,-26.95872
-3.272574,-14.004408
-13.176515,-22.938358
-41.53666,-8.096117
21.206135,34.251213
-8.069114,20.20865
-23.528385,-36.77311
-15.46059,-4.9949265
4.091224,-39.69715
-14.303177,-34.036137
41.252815,-13.831944
-33.25209,-32.40319
-24.16016,50.98506
37.71874,17.112408
22.33838,52.962185
-7.4811754,-47.764946
32.754402,-44.2269
-13.796176,-29.902775
-24.226784,-18.434011
2.1798995,29.774706
7.0777135,13.328098
10.149614,-41.46579
-2.0627985,-45.072803
22.147602,50.81752
-7.7001977,31.474207
12.130984,37.170944
34.23672,42.03582
-14.620554,-28.343641
-36.546688,32.768578
12.501104,-38.405052
-19.0892,-33.609844
31.506985,-38.424637
32.711155,-30.881952
27.24607,39.02729
-19.599255,-6.264694
-28.255466,-36.671963
17.63497,39.09503
-20.266941,25.350042
-21.628263,8.074638
28.565754,39.898212
5.0834126,34.52651
32.326725,-6.3732314
-2.1981626,56.754505
-16.00966,25.09159
-16.071537,-39.055733
22.331842,14.445556
-15.224335,-33.585983
15.498619,5.420797
-33.65161,51.613186
35.58025,-34.43212
6.192346,29.61857
-16.895966,-7.0992355
7.744661,10.07459
40.273487,-10.638213
-13.977798,-0.00411926
-8.563926,33.203655
-1.1783732,-0.19948864
10.875785,-41.53665
-34.54597,23.551577
30.20444,44.6934
-35.80625,-0.016491903
-4.29048,4.8651443
37.2997,-18.19542
-32.37194,50.92778
-28.27319,52.610786
-12.010266,26.932907
22.156986,11.676095
40.52186,-34.345608
1.3395342,-24.848146
-1.6410133,-25.111504
-29.220766,-15.734821
29.055769,-47.45159
32.662823,-32.960014
14.735595,32.74325
32.08901,-22.851992
10.712097,-44.67469
50.276558,-16.11479
22.422161,34.525898
-37.112263,-23.683878
-16.305973,8.353126
-52.485332,4.7562222
0.74135053,-34.02963
-38.560005,29.40889
3.9221585,-53.07728
-14.595587,9.57121
-37.03912,30.171213
-30.47469,-4.2733135
-0.952887,-43.3867
19.468567,-13.174307
5.8372135,-53.513023
21.667805,31.42134
-9.481341,14.8023815
5.474897,4.2735677
3.6582367,40.249912
-1.173585,57.782524
32.265743,-5.192058
1.8992358,10.054364
36.621727,-20.606365
-8.902468,34.16036
-38.075047,-19.944656
7.7151685,5.8817067
16.004404,43.061226
16.647682,-8.79704
27.01989,-37.225864
-49.21762,-0.11604203
-20.839243,-43.129234
-9.064646,7.465534
16.077864,35.70629
-7.0044723,-7.83424
43.573204,-28.673904
-17.810469,-3.2080867
53.215363,-14.840215
-10.288369,5.503533
21.995544,15.976429
-19.567492,-2.3771021
-14.967442,17.703379
-19.679552,17.108305
15.268122,43.471115
41.528313,16.654287
-24.358637,-47.996143
25.170298,2.9008596
6.9665184,13.505894
-12.252664,7.5630445
-23.532503,-21.500828
26.4761,26.423283
-34.694344,-38.097916
18.143219,-33.181416
8.620881,-21.110723
0.78158337,57.55422
51.71309,-16.878971
19.91413,-10.256615
38.460823,-23.06695
-6.0135045,24.236023
40.184654,16.981112
-16.902758,3.302498
49.607956,-17.200306
0.63598466,16.189674
7.0283947,29.481539
-6.6620617,25.23683
-1.9848611,11.318121
-24.896177,-8.7789135
21.058907,-24.359022
-8.977422,24.065632
4.6672277,9.105412
33.01236,11.162352
-50.708637,0.65458035
-13.562919,10.348689
-27.496315,46.36711
-27.043064,-37.582817
22.11107,-37.284176
-14.213029,22.94868
-21.268251,0.84059036
-11.964531,34.93429
53.579697,-22.589678
-3.214359,8.303924
-29.359863,34.89377
11.946029,-49.354557
-4.749297,-4.5517206
-8.251492,34.347622
-16.552343,5.3148136
-23.26764,51.99256
0.19560878,-24.766855
10.822342,10.801209
-47.620995,-0.6566002
20.262587,36.655083
-12.975972,4.9105563
-30.189037,-28.416683
-7.622803,2.6440165
-49.12201,-3.605342
-20.798733,2.4532778
-34.15949,24.740553
-8.936265,27.729115
-5.8562875,17.310783
22.02329,-25.48685
-26.253529,-8.181664
-1.8327912,17.122826
8.838069,-3.0853188
55.371666,-20.036366
46.264755,13.657588
-8.260351,-22.311129
14.628889,-44.628567
-16.584349,-23.796444
-3.3509557,5.1408486
-2.4645875,-12.917616
13.523702,12.590467
-8.474373,-40.902416
-42.106365,-10.093912
-11.393367,-26.459694
-44.400356,8.127136
-1.2542944,-18.895647
53.951035,-20.103354
23.85503,-37.89121
-18.019726,-1.3400563
-8.734103,10.835936
22.29155,-41.66276
-40.899338,20.041471
-4.7206306,14.558172
-33.957615,31.549303
28.761715,-35.617275
-46.820778,2.1199389
-43.22222,13.554393
-31.430384,-39.76253
47.565994,-19.325865
32.45758,-38.929024
-23.528877,-23.835121
-30.206768,9.826795
28.84197,-13.739176
-32.263794,-16.83357
8.418804,-46.849453
17.208403,-39.520473
-24.255098,35.80874
-16.553978,-3.2420914
-4.7134542,-8.085614
-19.379908,-4.7324944
-9.472987,18.87623
-16.801714,-5.1385303
14.094425,-41.310356
24.572205,-33.4403
25.859877,19.735073
-23.414503,-8.157031
5.246914,-9.529678
19.972034,42.279312
2.134691,0.8879196
-3.5281706,-24.69205
14.238847,-39.196243
29.327347,51.28779
6.829702,-30.513079
-3.8171272,-39.81153
-20.478039,-18.862217
32.26308,-37.285564
1.1291866,-2.69807
32.37513,-27.726583
-33.86773,-30.86028
-16.360004,-33.280025
24.401514,33.11249
-38.873394,27.984755
-6.8564897,-15.105924
4.478092,-28.659424
-2.2489693,-26.364006
-32.939857,-38.199574
25.75477,5.0879827
1.2309386,-19.279108
32.25289,-40.085213
-25.687155,-9.832328
-25.662788,-23.675983
37.666203,-8.605005
-37.54862,-15.895514
6.849742,3.869295
20.665964,37.211292
28.693743,-24.699833
-23.992943,-25.555922
-10.381236,29.18583
-0.4090312,3.7628994
-13.214709,2.1225765
-39.488766,-11.573857
-38.860622,24.325212
44.946453,24.856081
38.33701,-39.77625
-49.219196,-1.1558831
-38.04462,30.286814
41.21921,-33.75333
20.756384,17.96736
-2.9958014,-3.0817382
-3.5411577,-19.870853
19.325321,-6.9004135
-28.469439,50.631397
14.758272,-32.796886
14.383038,17.603659
-28.203688,-3.3629332
-16.231617,-1.9707409
-7.4290996,-0.4768732
10.480815,24.807396
8.112026,-8.973537
16.302698,-3.3731008
-7.7067375,-40.97002
-35.166744,31.107407
-31.222637,-36.509037
-3.7016242,-5.49365
-6.8508363,11.690951
-17.633408,13.90187
-13.887441,17.392458
32.791996,-44.253822
-23.964144,-49.494057
-3.1125023,57.491608
3.1330218,19.78232
4.214116,-43.45479
46.263607,-21.815023
20.681765,-36.60698
46.767036,-23.385035
-48.804066,7.2021465
-2.9487484,42.086884
-22.02812,-43.19946
-17.550364,-42.31936
56.5682,-22.310265
-22.549173,-39.04387
-14.087839,-34.731903
17.58896,19.868412
55.019855,-17.283506
16.198973,22.04947
-42.19905,4.804844
1.2089119,-17.137718
31.1457,50.616203
7.8763285,-5.414433
-47.773224,-1.4694943
-0.97304213,28.124388
20.986763,-26.876884
12.817068,-1.4092598
-21.940327,21.058575
5.6586795,-11.83719
23.475782,15.764966
45.41361,-17.332893
-27.564535,-45.878708
-18.87223,-8.585854
-28.82827,-40.069717
-32.48941,26.574842
9.384973,-38.35551
-24.173685,-28.445236
-24.821892,-27.819027
55.46775,-9.742123
-26.84084,-29.669916
18.302866,29.19332
-26.780104,32.65913
-34.730667,-10.285997
-13.7022705,10.002921
2.0692024,-44.059464
-50.774574,-4.6092315
-27.911703,-37.839523
-22.457027,-45.02015
-25.949392,35.217915
1.1651219,-14.218635
3.4311464,-30.190224
-38.457417,29.1114
0.5675312,28.528494
-32.515877,-13.44342
-22.538622,-34.187534
4.644904,-47.37362
-40.36938,-28.473038
19.114197,31.73411
-18.51136,-9.800319
6.444927,38.475407
-7.247683,-4.761412
-38.7991,29.901884
14.424734,23.943296
-26.86639,-34.998215
-7.584674,-51.476612
9.860898,-27.67592
40.330555,-14.910676
-6.5228086,-11.366441
-23.907888,-4.25354
-6.0743914,-21.301916
-1.4349544,16.238321
-3.3520284,5.8110867
-31.18494,-34.778408
-28.891068,12.789927
-28.690073,-11.365739
40.604565,-28.88115
-11.280755,-43.08581
5.0848794,36.650864
-6.88209,-36.463745
33.687855,-36.85127
-46.44587,-13.559302
-7.4862313,4.585737
4.6150346,-20.794699
21.406063,-44.33097
3.1474042,-44.23676
-1.7697945,-23.802805
31.821806,-24.694118
-4.1224484,10.997604
-22.622263,1.9506623
15.638678,40.10113
-32.113914,52.8297
-27.918278,-28.427282
26.668789,-43.84412
-31.119938,54.54022
18.20419,-13.493719
-27.552837,-21.78637
-10.243025,-49.729965
-7.2064753,-37.696968
-23.02795,52.82074
-25.743803,-30.255838
-27.094734,-36.38764
25.091158,37.685966
24.516836,-36.657623
12.951816,27.911213
14.906054,37.00491
36.960175,-35.975384
-14.800106,-29.807804
38.684566,-39.38797
32.433163,-17.117514
-7.9862323,-52.985798
-30.62737,-26.106539
-27.196682,1.4851997
2.880176,-37.467625
10.28392,-43.82001
-27.158043,-27.23044
6.5496583,-44.50135
30.243366,-37.01002
-34.926453,17.404154
24.039814,18.014357
15.541491,16.541449
-27.523329,-39.33015
-12.6494,11.0150585
-21.858843,-29.75232
39.620995,-27.130466
9.567608,2.7985468
-8.104822,7.537693
-25.9243,-33.59324
21.36258,-26.456642
33.64804,8.556056
49.183506,-23.621256
47.777203,-15.467012
27.126429,-39.115223
-13.4147215,33.771755
12.196774,35.79719
53.470093,-24.41791
14.288067,11.048546
-22.633839,3.2308967
-28.359707,-12.1643915
25.613329,15.066944
20.597054,13.175926
18.152105,38.483734
-10.757704,22.749758
33.36023,-35.62046
33.305744,-38.294735
-26.477867,-47.096172
-5.7267323,-7.1657076
-5.063695,-13.617934
9.996145,49.719208
30.3092,-38.558823
8.859781,17.956884
-21.014109,20.687397
10.286698,-42.538956
-32.78923,-25.245367
28.670488,17.45329
-15.958407,-5.399807
-24.1971,-52.41917
-8.150176,-43.03047
-9.179368,31.925966
-13.156452,9.649969
-23.914854,-7.499477
3.87242,-53.03219
-28.82144,-32.045177
-26.777216,-4.2733364
-13.76623,16.30231
1.1192105,27.498774
-7.8089085,-6.5797043
-19.66683,4.9053006
32.784824,11.172485
-41.12818,-8.869469
-31.226925,-15.985609
38.566082,16.783813
-22.761166,-3.4460676
-33.474712,50.160515
-10.677014,-39.60911
-15.416123,-6.2890434
-29.122265,-34.776817
-41.01494,-3.7900536
-2.1765273,33.98587
29.586473,10.0737505
-1.9006149,-37.63191
39.8482,-30.63235
1.5045141,-9.073604
-0.16322115,58.2393
22.19824,33.285175
-23.253298,55.66095
-10.213831,-2.937544
-0.37620866,-1.3129715
-3.180549,10.623954
-41.153603,-13.985517
37.47385,-27.403254
-47.9369,-6.5463014
35.82125,-30.9819
-2.5487266,15.0484915
-29.897507,-39.3684
24.567987,-33.41947
35.736988,-26.367949
17.355938,-10.096513
20.655745,0.5296778
38.820515,-29.44885
30.506187,-15.081137
18.478502,20.465118
-23.015427,19.959063
40.195614,14.450115
42.586952,-18.291313
-8.107366,-10.548
10.501077,-24.720749
9.366204,28.088448
1.7970011,-5.081592
-25.175686,32.637344
52.654682,-13.875434
8.999837,48.454235
-34.06968,-19.856941
35.971516,-32.219315
5.7324615,17.66069
-9.412924,-44.501797
2.0620487,6.9978447
-24.656464,-29.185867
27.948149,-39.75746
-40.699818,-7.151833
-10.661147,-43.369175
15.460156,11.436692
1.5082383,-41.550785
-18.09449,-14.511639
32.71881,18.596954
-24.711813,-5.685481
39.99412,19.139952
-4.034025,-22.228565
-20.766495,-49.187405
-27.187235,27.576017
-34.205082,29.56787
9.0416765,17.537178
56.391388,-18.901308
18.782822,10.503673
-27.134712,-35.79225
17.714626,23.123648
-18.815422,-36.685627
39.950836,6.5972066
-26.831556,-28.231375
-4.859181,-16.05662
-10.095993,-16.802002
-29.660173,36.51801
-29.34883,53.559578
-27.366297,55.122833
-31.516338,-8.179603
16.397957,42.02595
-33.431686,25.88278
-27.8744,33.355217
-24.840542,52.24675
20.559544,5.808092
-14.633652,-1.6695553
30.792933,44.62549
7.7575016,-40.85164
4.2845135,20.882086
-30.089808,10.164099
-13.199078,53.07959
21.14863,50.094185
-7.5475216,-1.7083135
-27.60816,5.412627
-15.027916,-15.162801
-9.803908,-1.7825485
-24.340889,-27.168137
15.211454,6.061978
25.516323,24.223156
-19.719866,35.643517
-12.513384,-31.21962
10.274151,-46.186295
-10.30801,27.89999
-14.422419,-25.356913
18.619963,7.213632
-13.635702,6.715527
-35.842342,29.116068
10.604676,-6.141911
-2.6860542,24.805275
-19.46466,-31.845007
19.492344,21.895023
10.531915,50.38339
47.226593,-21.966476
-36.021984,-34.151512
49.112343,-15.569654
7.105635,-0.49536148
-49.64215,5.538133
-5.8553295,-35.304527
-13.413192,-3.1905553
11.081467,16.50864
23.686682,2.989301
-9.493358,4.7518315
-48.331192,3.196064
8.807616,7.3010926
-34.75489,46.976997
-1.9880147,59.22334
-22.923836,20.03777
-30.859655,-3.3738928
-12.36413,-5.2160006
-22.397667,5.9244123
-12.606298,32.30214
-47.66015,-2.5793588
21.773354,-37.057476
-15.8374405,3.0443454
-34.824276,38.212128
-25.353525,26.599056
-2.611692,43.963024
-50.424824,-1.0985061
-6.322333,33.586933
-14.911317,19.331188
27.367823,13.331029
-29.653505,35.269978
-29.813673,-33.68912
-34.762836,28.019869
27.296925,-1.4458797
-34.784355,30.410593
-8.215788,-14.555148
1.7055575,-27.523155
50.815575,-16.049503
-42.98875,-3.5114396
-42.899155,-8.3963175
11.654307,14.617268
-37.58586,-26.336626
-21.515154,47.232323
5.6817718,-27.010166
-2.4116406,-23.020401
26.142187,28.625343
-25.068016,-12.460918
-35.256775,-32.26071
-49.245106,1.8954806
26.86377,-41.438427
55.244446,-9.036909
-16.24725,1.2674397
18.085302,33.420013
-8.348429,30.28947
-32.51439,-35.54683
-25.504602,-35.49211
-16.513838,-33.046864
1.081633,-2.787914
-20.867447,-12.235877
19.503561,7.3230677
20.380896,15.27622
-11.025354,11.118818
-5.7744102,0.9034073
20.325974,-6.552629
-9.383772,-0.036423232
-34.797386,-12.055017
-1.0352288,-34.887207
-0.77894604,58.63733
34.95377,-22.095762
-30.47937,-12.838785
-23.399591,-11.138273
23.497295,54.01141
-25.486624,-37.699398
30.487286,42.85236
21.844345,21.789886
-17.594584,-6.5422387
-28.163244,-30.282417
0.58372456,14.410379
-19.63422,-24.117376
-6.2774563,-4.5563884
3.946689,-20.76299
-26.08437,27.5166
-8.58939,-17.278797
-20.31829,-14.375376
-18.547216,17.993368
-35.782505,10.290093
-34.901005,-27.548212
5.9902806,-7.260852
-4.458922,-45.39617
-29.886545,-30.937136
-37.65104,28.408213
2.377325,-26.14821
3.0389805,-25.90577
-25.189798,17.152136
-23.284271,55.661694
24.176874,-26.744402
13.057695,15.059761
31.224691,-2.1202457
-26.820154,-40.394413
4.6515975,-47.463062
28.080412,37.76096
27.846064,-29.651054
-13.518335,-44.410015
0.19106323,-0.90537363
6.8515215,-22.082893
-25.209698,-36.453487
29.508188,-47.860046
-48.631344,-2.973152
-20.776073,-37.592163
-23.574474,6.2935715
-40.127316,29.535635
-23.888178,-24.537138
-39.91475,-33.361816
-25.607265,47.39786
-8.393096,-37.817623
-2.072856,8.395564
-34.422806,-10.924093
-29.664227,33.04759
-9.30684,-16.111418
-25.33671,13.173364
-21.37888,16.401173
14.575111,25.866194
2.8923361,-28.447557
-31.816048,22.585257
1.0856006,-44.854725
-12.840705,-30.983158
32.632603,-9.689072
18.53422,42.65954
-17.58797,-8.714259
-6.6781874,-5.928248
-39.544342,31.186708
34.519516,-22.22629
-1.6934711,-21.739159
2.645342,-6.819108
-23.372208,1.3319303
24.625023,30.539274
21.499113,36.24678
10.715155,13.955359
-14.984286,52.332474
13.961565,21.649487
44.21116,-21.792221
-22.415537,-10.101768
-46.098717,-5.8923697
2.2859483,-46.218098
-22.534025,-37.25186
8.871053,5.1164136
-13.011171,-34.336937
-32.79589,1.2164681
21.554579,36.250355
25.634977,48.237965
29.886553,-43.815968
-24.642193,3.8958793
-37.500015,29.293041
-23.873629,43.678284
32.869705,-21.429789
-6.581369,19.796566
-14.1129675,-5.5805054
-27.780382,-16.766867
-12.970847,33.7488
-30.653341,18.563925
16.949884,47.752846
52.18467,-17.775957
-31.912247,-21.040077
19.768698,-5.2143464
-17.480415,9.425677
-24.125795,37.107883
-18.43321,22.187935
-8.974245,20.655725
36.76156,-7.020935
-44.80434,-0.08742509
3.8434289,15.794769
-1.3036263,17.36563
43.836903,-15.9337225
-20.869698,-35.196667
19.364286,-25.923138
3.223416,27.664434
17.802643,48.985172
0.19628882,1.0010257
-18.154455,7.725783
-9.071356,1.1669425
-42.17371,5.568276
18.635921,37.888115
-17.369976,-3.8807206
-34.74818,32.56766
18.248287,54.115433
21.562683,50.431538
-31.658167,-19.295906
-38.003548,30.927774
-4.0487175,25.608896
6.317321,-20.718931
-32.640778,46.147373
11.368727,-42.47102
-13.773169,3.353437
27.209663,-35.44388
-21.300964,29.942284
30.325014,-37.14582
30.971407,-34.371387
6.5370564,12.037623
-6.1644173,-13.476035
-49.24147,4.3668942
23.019455,37.680603
-39.573586,-2.4265442
-9.528221,-34.098557
-26.284227,38.633232
-19.389904,-15.216629
-5.4831834,8.039685
-44.743122,-6.7740316
-42.440903,12.760792
22.088264,6.4565616
33.588043,-39.119278
28.11098,-43.76383
-32.619705,-4.205001
-38.840958,30.58914
19.307756,-41.4646
37.219112,-7.238289
-9.826227,-15.98056
28.084885,-38.66693
-2.0698462,33.904537
-31.984943,-32.87529
-35.29942,16.149492
-0.49391654,-21.289938
-1.856452,57.30533
-20.871408,17.751598
-6.2833104,23.659319
-30.15302,-38.34927
-3.429034,24.86788
6.262023,2.4084272
4.8846736,-16.031336
31.889605,-40.801476
-18.48214,-28.988577
-16.836607,-23.432932
5.314561,-19.373173
13.166359,51.25252
-21.988508,15.501954
-4.011863,2.1064646
-0.12595232,-38.526188
-1.2946665,56.59077
28.986475,51.257256
-12.202395,-16.26778
-28.37413,34.287243
-0.6148187,17.970781
19.822857,-5.6685786
49.75285,-18.992218
-15.568644,-2.794661
40.322018,-16.569185
7.7527604,27.353483
31.325138,-1.955892
-1.007357,29.49058
9.238408,-31.421328
27.029613,-39.747334
18.635582,-5.8639946
-38.144753,-6.0138726
9.134623,-44.24858
-14.891573,-29.75897
-5.6549788,16.927032
-27.125757,-6.344068
32.658504,-25.940647
-46.245808,-9.397435
-35.53567,23.977266
29.159052,-30.018248
16.089624,37.04539
-42.45025,12.704807
-27.779774,-47.467247
3.368773,35.94036
-4.9349537,-10.437677
-33.75123,0.96252185
7.932436,46.4866
-40.10065,-22.780321
-39.917984,30.022736
-8.3427925,-2.2680123
-11.767285,-21.26927
-0.47984982,59.04507
-38.932022,24.297403
-27.486471,-19.109138
7.6335697,-37.154285
-48.06763,-7.9492035
-24.620504,-37.260597
-31.235735,28.623137
-12.069693,29.105518
24.17055,41.576717
-6.6514144,33.583878
34.979927,2.6628332
13.396312,9.852898
6.5716453,-26.922909
-10.04081,3.003315
-29.40842,-8.728719
14.303593,-39.167583
28.864511,10.88443
-15.530492,-26.574144
21.191431,-7.738099
22.137894,-48.565136
-17.222254,-41.265965
-27.434591,-45.361732
-24.525217,-51.02548
-1.6268002,-17.047092
-33.336708,-12.857535
3.8756685,15.84307
-29.280558,36.00717
-39.00053,-17.411755
-7.8501177,13.576698
-10.303595,35.20585
-44.078533,-3.7633183
8.91082,-20.337782
-7.558368,23.881397
-39.5831,-5.172815
-29.524458,23.734093
2.067416,-17.366486
-20.984837,16.95431
-3.5663598,38.212135
-9.497759,-39.0796
8.556128,-46.29708
21.37691,-13.764451
-47.193283,3.6914582
21.79641,-28.128265
-5.0116534,-23.065739
27.007332,-24.57898
-8.242459,24.509338
-9.78832,0.26289794
32.842712,12.814462
45.360912,-6.0255237
-19.261868,-26.920267
9.027665,-5.6658864
-31.329285,-5.3794847
-11.632584,19.17392
-13.254367,-30.951565
8.0141325,-39.72511
34.9801,-40.684494
-5.3670173,-0.5906249
-15.024021,30.273802
-1.4242035,57.623993
-26.609802,-26.841047
-36.264465,-13.625883
0.13981362,-42.26257
-14.256984,50.41803
-27.801355,-24.657879
-5.0122323,-24.538397
8.918537,-15.986081
37.445026,-4.8522234
10.879947,6.948624
10.675445,-34.903496
-44.0025,-18.573872
19.87256,-41.39115
46.582443,-19.196108
-33.816437,47.367104
-34.415714,-23.033611
19.34776,-32.97123
-12.244627,21.263802
38.134205,-40.251087
-7.604051,-51.203106
-23.382847,-49.61057
-31.700083,-34.160236
34.590714,-38.350056
-29.278255,52.751423
-32.09469,-12.108916
-0.5036168,-3.055004
-1.6503541,-22.997404
9.154173,-27.47884
-9.433163,-31.43018
-15.044269,30.257038
-8.286819,-29.439577
-2.2392085,57.744823
-4.379048,-24.129396
19.253305,-12.478043
0.24913172,56.665504
-28.34668,-34.973892
-4.430378,-45.576435
-24.174156,-41.92247
-8.807598,-12.756564
-7.5200796,22.352877
-39.485672,13.752508
-35.1978,-42.85946
-24.81434,-20.66153
-34.061752,-34.56861
-29.873985,-22.199131
-30.96729,24.321144
-42.043972,12.727886
-12.690559,-45.959415
14.067791,44.58866
-46.852768,-4.7618523
24.614363,-12.795117
18.24869,54.11077
-38.18881,1.734025
10.134163,-35.7766
55.111485,-20.838415
15.176176,43.067413
-22.016275,49.51597
30.418024,9.178765
53.242355,-16.187532
24.177313,49.52599
35.727627,-12.03501
-29.489216,-35.538383
-16.50963,-48.06812
-35.784645,10.291629
-21.507635,-15.285256
-18.189028,-31.003908
38.643536,-21.387945
30.728315,-43.678345
30.393068,43.339703
20.488087,10.054462
-35.312004,2.8714955
8.11869,48.965996
15.515985,31.845
18.516636,0.7245788
6.585221,-10.560388
-30.297115,-40.91652
-1.2622178,-6.3109207
-0.5649614,56.225224
-27.730572,47.446682
-33.69269,0.69344056
32.841145,-19.657415
-15.726033,-21.753065
-30.914799,25.562866
-0.8192756,3.6167712
18.06909,-3.4331656
-25.181461,17.107056
-20.847582,-37.70723
23.395033,-35.91574
31.215506,-39.250114
38.91474,16.912075
15.866227,-23.390762
-32.987072,4.9553804
-11.269187,-18.381147
21.480549,-27.053333
45.587772,-7.4992037
15.400678,-18.411488
11.316013,12.445629
-43.901905,-4.4095645
-16.107214,21.054668
17.241627,-30.17203
21.778542,-37.15006
-8.125852,27.242996
-13.211953,53.14934
12.5825615,-3.2291188
-46.49937,-3.213966
14.749795,-14.660518
49.71653,-13.885033
37.21684,-31.909466
-9.68107,36.739365
23.08837,53.90111
-25.51938,-40.687157
-30.428907,-23.459969
20.588757,-6.9768443
-34.83045,-43.585632
27.353725,26.707865
-11.716267,-43.51532
16.804386,-36.412827
55.56781,-22.302525
-15.633781,-40.638737
-14.162159,27.861805
-18.532993,11.911918
-15.040213,30.297077
-52.451374,6.02855
-33.185337,24.764761
15.31867,35.45971
-34.759377,1.1139816
-27.35899,-0.37937587
19.528185,-32.58308
-42.38416,12.741298
-0.9735252,-4.9788046
20.408089,-32.56031
12.207036,-15.922166
9.896753,-39.83018
-1.2497461,2.402733
12.827583,29.673704
30.112938,-40.040493
-28.967077,-20.81729
-2.8924928,-28.771326
-33.674145,16.939825
26.295149,-29.619314
5.5128303,-22.029007
11.699103,29.247145
-9.666373,-40.969864
0.04900436,-14.32939
-24.468433,-32.79437
21.844082,-41.167694
-37.64714,-18.846607
-25.71185,-36.78944
-24.322123,-52.325996
-26.367458,-35.590652
-30.264042,54.62015
-25.250505,-33.921207
-23.662619,-37.950424
-23.271702,-11.828725
12.004611,25.250046
-27.586048,-7.691354
16.730747,-12.389635
-15.038587,15.203938
9.426762,11.53922
5.8457985,-19.164627
19.57659,-32.993793
-14.762673,18.667513
-23.5873,-43.18981
-21.544096,-2.920146
-3.4243562,-17.248915
-49.349182,2.8187141
3.3050807,-19.094704
46.30962,-25.124708
26.588882,-28.243874
8.424469,38.822773
20.000679,41.989346
-8.787684,-42.298748
-32.337223,-13.425972
-0.9786182,58.03813
-34.8877,-27.544586
37.35344,-4.861587
-24.898645,-49.876083
3.376738,-21.674572
-5.2955575,-38.206425
-6.4923944,-20.139996
10.331135,-35.42022
0.62813544,-23.61158
-18.371353,-16.163555
24.942461,-41.689133
-7.4342017,5.028372
6.6234465,19.499508
9.266709,-12.5991335
39.34471,-21.431877
6.601277,-21.921515
-23.611637,-14.062374
-2.8618894,-10.834053
21.977026,-41.292004
31.501698,16.09683
-27.45247,-12.986178
-15.943888,-4.1879945
-14.455013,5.1421933
-10.592779,-18.81381
-36.297104,-13.596954
-21.01312,-14.873475
27.016726,39.998806
-0.52156323,17.26006
21.150087,50.084206
6.8681774,-19.69556
-24.219475,-1.3687296
-0.69785345,-19.272615
29.011684,-39.845356
-28.717289,20.520073
16.921839,-11.810922
-0.61336493,57.24553
-34.82831,-42.85023
55.343395,-8.775727
44.43116,-12.790511
37.72104,-4.672594
18.003466,-11.480484
32.647015,-41.480347
-38.49805,-1.3161112
15.133974,36.591724
-35.15772,25.473251
0.048597682,-1.092482
-5.368467,23.081131
-24.648067,-11.228042
-9.475688,-14.193777
-38.14708,29.533955
-2.2649364,57.75301
-5.5577536,23.164509
-9.904725,-15.018988
-19.626827,-43.43928
-25.17069,-38.485256
-0.083455384,59.579895
-17.42953,0.25707862
51.0892,-16.737837
-30.607206,-26.125343
-8.269153,-16.592583
-6.8448153,-19.869728
-34.105347,15.97992
-0.9672138,57.358177
14.602355,-15.242624
45.062134,-17.013899
-10.003015,8.285554
31.295593,-2.0114582
11.553118,0.82277733
-32.80312,1.2336131
-4.546654,21.98192
19.1321,19.098541
39.223465,17.518345
-27.21574,51.981884
-1.335586,-43.267944
9.643429,15.326309
-8.675263,-16.155622
55.364193,-8.633352
-0.54558635,57.047665
21.43563,-10.800113
6.0850754,17.332287
-24.410631,-33.00337
33.009388,14.177648
-19.103163,-36.819492
25.585644,-20.081768
-13.632705,32.01647
11.582719,-49.257572
8.718753,-15.925913
48.633114,-21.442839
-29.992662,-23.59333
9.995955,31.148893
-21.071074,-39.45323
-0.024731262,-45.812828
0.16793841,4.868794
-15.515477,-17.03325
16.455183,10.048614
17.06791,-30.150732
0.14011484,-45.389214
-44.340195,-6.8844705
-20.160534,8.300241
-33.574486,-32.163822
-28.01548,52.026123
-22.034132,-38.620125
7.393462,21.393444
-28.327404,11.687117
-22.94916,-42.356445
11.833421,-16.553331
4.491735,22.349106
6.8652396,-21.652794
9.932494,6.104983
39.872807,7.376395
-34.718094,-12.9979315
-31.489872,47.31551
-29.672375,-22.838512
-48.806313,1.8718244
-24.084967,51.967674
22.231934,-36.44595
28.801233,-8.755269
17.48513,-25.975346
25.776539,-38.934635
22.419859,53.02924
-0.49191633,56.98507
-45.983505,-9.748661
55.136307,-22.901937
-45.83281,-3.5254138
32.843216,14.771628
-47.364685,-7.43673
-3.5433483,21.455278
54.3981,-15.369018
-30.873875,-36.334057
-15.682175,13.860404
-1.793631,-0.31975716
-23.075583,-17.323643
-0.5897888,57.337315
-9.293821,30.427416
19.673443,18.508661
-33.599293,-42.391582
-9.08347,-16.43697
-24.152138,-39.632923
-6.612191,35.354652
-17.386358,17.537209
51.425537,-16.428389
17.328228,-30.073496
18.873808,37.931953
11.907943,-16.414953
34.884274,-19.787691
-15.127012,-32.90155
25.720552,-34.572136
12.682488,-26.02176
38.50741,-18.792011
6.4258785,-21.179539
-21.562809,-1.9200443
10.892883,-4.5700145
-49.334396,4.194101
29.297234,50.08938
-4.062592,0.040130917
13.671774,-1.0040668
-14.277799,-41.692448
-3.5016496,-22.026112
-11.742879,-0.31673205
-31.433855,-19.841497
-27.684843,-21.280392
-35.560177,15.671632
-0.25265896,56.808163
25.180576,-5.9362187
-18.59679,-27.037163
30.706741,43.751328
21.042461,13.695133
13.920733,16.127491
-32.01561,-31.390568
-25.965708,-27.142036
21.684204,50.280693
52.830814,-15.106052
-31.037676,-19.758402
41.024433,-22.418633
